-- --------------------------------------------------------
-- Host:                         jhonnyguevara.me
-- Versión del servidor:         10.4.13-MariaDB-1:10.4.13+maria~bionic - mariadb.org binary distribution
-- SO del servidor:              debian-linux-gnu
-- HeidiSQL Versión:             11.0.0.5919
-- --------------------------------------------------------

/*!40101 SET @OLD_CHARACTER_SET_CLIENT=@@CHARACTER_SET_CLIENT */;
/*!40101 SET NAMES utf8 */;
/*!50503 SET NAMES utf8mb4 */;
/*!40014 SET @OLD_FOREIGN_KEY_CHECKS=@@FOREIGN_KEY_CHECKS, FOREIGN_KEY_CHECKS=0 */;
/*!40101 SET @OLD_SQL_MODE=@@SQL_MODE, SQL_MODE='NO_AUTO_VALUE_ON_ZERO' */;


-- Volcando estructura de base de datos para Spotify
CREATE DATABASE IF NOT EXISTS `Spotify` /*!40100 DEFAULT CHARACTER SET latin1 */;
USE `Spotify`;

-- Volcando estructura para tabla Spotify.album
CREATE TABLE IF NOT EXISTS `album` (
  `id_album` int(11) NOT NULL AUTO_INCREMENT,
  `nombre` varchar(50) DEFAULT NULL,
  `id_artista` int(11) NOT NULL,
  `descripcion` varchar(50) DEFAULT NULL,
  PRIMARY KEY (`id_album`),
  KEY `id_artista` (`id_artista`),
  CONSTRAINT `album_ibfk_1` FOREIGN KEY (`id_artista`) REFERENCES `artista` (`id_artista`)
) ENGINE=InnoDB AUTO_INCREMENT=101 DEFAULT CHARSET=latin1;

-- Volcando datos para la tabla Spotify.album: ~100 rows (aproximadamente)
/*!40000 ALTER TABLE `album` DISABLE KEYS */;
INSERT INTO `album` (`id_album`, `nombre`, `id_artista`, `descripcion`) VALUES
	(1, 'Coluber constrictor', 57, '6806 Oxford Park'),
	(2, 'Ovis ammon', 46, '3052 Stephen Circle'),
	(3, 'Ursus americanus', 8, '988 Green Place'),
	(4, 'Acrantophis madagascariensis', 48, '797 Westridge Center'),
	(5, 'Corallus hortulanus cooki', 48, '8 Roth Trail'),
	(6, 'Lemur catta', 49, '4 Kingsford Avenue'),
	(7, 'Cacatua galerita', 13, '22 Cordelia Court'),
	(8, 'Grus antigone', 90, '552 Glendale Terrace'),
	(9, 'Pelecanus conspicillatus', 12, '70 Buhler Point'),
	(10, 'Smithopsis crassicaudata', 5, '189 Lunder Street'),
	(11, 'Varanus sp.', 50, '10 Golf Course Court'),
	(12, 'Leprocaulinus vipera', 4, '72663 Canary Court'),
	(13, 'Eolophus roseicapillus', 74, '8 Ryan Terrace'),
	(14, 'Acrantophis madagascariensis', 53, '13867 3rd Crossing'),
	(15, 'Libellula quadrimaculata', 64, '64627 Farragut Circle'),
	(16, 'Melanerpes erythrocephalus', 58, '686 Fremont Avenue'),
	(17, 'Phalacrocorax carbo', 42, '232 Lien Avenue'),
	(18, 'Pycnonotus barbatus', 55, '832 Pepper Wood Center'),
	(19, 'Uraeginthus granatina', 20, '036 Boyd Trail'),
	(20, 'Vulpes chama', 74, '390 Fairfield Lane'),
	(21, 'Grus antigone', 48, '73 Mcbride Avenue'),
	(22, 'Taxidea taxus', 8, '94 Birchwood Way'),
	(23, 'Spizaetus coronatus', 1, '82534 Crescent Oaks Drive'),
	(24, 'Butorides striatus', 90, '05 Bonner Hill'),
	(25, 'Carduelis uropygialis', 45, '29 Hoard Trail'),
	(26, 'Loris tardigratus', 93, '3 Springs Circle'),
	(27, 'Myotis lucifugus', 45, '9856 Eliot Road'),
	(28, 'Ratufa indica', 29, '52897 Claremont Alley'),
	(29, 'Anas bahamensis', 85, '5 David Terrace'),
	(30, 'Ara macao', 83, '302 Pierstorff Alley'),
	(31, 'Isoodon obesulus', 6, '76626 Debra Trail'),
	(32, 'Eolophus roseicapillus', 2, '11080 Marquette Hill'),
	(33, 'Cynictis penicillata', 65, '87 Alpine Crossing'),
	(34, 'Dromaeus novaehollandiae', 68, '34017 Swallow Hill'),
	(35, 'Vulpes vulpes', 26, '5950 Brown Trail'),
	(36, 'Rangifer tarandus', 91, '3667 Waubesa Center'),
	(37, 'Coluber constrictor foxii', 26, '240 Superior Place'),
	(38, 'Hyaena brunnea', 13, '2994 Sachtjen Junction'),
	(39, 'Haliaetus leucogaster', 28, '02293 Waubesa Road'),
	(40, 'Dusicyon thous', 28, '0 Oak Trail'),
	(41, 'Connochaetus taurinus', 85, '72275 Prairie Rose Circle'),
	(42, 'Panthera leo', 4, '9 Norway Maple Drive'),
	(43, 'Rhea americana', 43, '32 3rd Plaza'),
	(44, 'Spermophilus tridecemlineatus', 16, '8588 Granby Pass'),
	(45, 'Haematopus ater', 42, '10754 Duke Park'),
	(46, 'Spizaetus coronatus', 53, '877 Shasta Pass'),
	(47, 'Cyrtodactylus louisiadensis', 93, '67801 Talmadge Park'),
	(48, 'Castor fiber', 67, '8 Sage Plaza'),
	(49, 'Erinaceus frontalis', 71, '48 Blackbird Drive'),
	(50, 'Gazella thompsonii', 79, '0672 Sauthoff Pass'),
	(51, 'Giraffe camelopardalis', 98, '59339 Montana Terrace'),
	(52, 'Platalea leucordia', 84, '2 Derek Lane'),
	(53, 'Ateles paniscus', 17, '06 Alpine Court'),
	(54, 'Junonia genoveua', 49, '0 Sunnyside Way'),
	(55, 'Trichosurus vulpecula', 18, '7 Arkansas Place'),
	(56, 'Butorides striatus', 57, '18664 Debs Center'),
	(57, 'Taxidea taxus', 92, '6606 Almo Way'),
	(58, 'Macropus fuliginosus', 45, '608 Sycamore Road'),
	(59, 'Nyctanassa violacea', 96, '53813 Old Gate Drive'),
	(60, 'Limosa haemastica', 97, '71 Browning Junction'),
	(61, 'Iguana iguana', 69, '532 Union Crossing'),
	(62, 'Chelodina longicollis', 73, '5 North Drive'),
	(63, 'Pytilia melba', 8, '45394 Center Terrace'),
	(64, 'Deroptyus accipitrinus', 44, '68942 Marcy Plaza'),
	(65, 'Herpestes javanicus', 83, '98 Dapin Avenue'),
	(66, 'Canis lupus baileyi', 3, '6 Bartillon Center'),
	(67, 'Cracticus nigroagularis', 29, '089 Meadow Ridge Center'),
	(68, 'Semnopithecus entellus', 71, '1 Nelson Road'),
	(69, 'Sauromalus obesus', 76, '1 Melrose Circle'),
	(70, 'Dicrostonyx groenlandicus', 36, '6 Mayfield Way'),
	(71, 'Manouria emys', 91, '88 Kedzie Lane'),
	(72, 'Coluber constrictor', 20, '253 Morningstar Hill'),
	(73, 'Phascogale calura', 4, '037 Melody Avenue'),
	(74, 'Tockus flavirostris', 77, '7 Eggendart Street'),
	(75, 'Nasua narica', 31, '9 Orin Avenue'),
	(76, 'Hyaena brunnea', 56, '62 Stuart Street'),
	(77, 'Cracticus nigroagularis', 15, '7 Arrowood Crossing'),
	(78, 'Funambulus pennati', 35, '5 Shoshone Point'),
	(79, 'Streptopelia decipiens', 94, '99 Killdeer Lane'),
	(80, 'Columba palumbus', 52, '1213 Meadow Valley Pass'),
	(81, 'Haliaetus vocifer', 63, '85985 Monument Road'),
	(82, 'Buteo galapagoensis', 39, '78 Northfield Pass'),
	(83, 'Pseudocheirus peregrinus', 8, '0022 Corben Center'),
	(84, 'Lamprotornis nitens', 15, '56 Helena Trail'),
	(85, 'Macropus parryi', 76, '091 Starling Lane'),
	(86, 'Rangifer tarandus', 98, '2072 Farmco Drive'),
	(87, 'Tamandua tetradactyla', 48, '39 Westridge Pass'),
	(88, 'Oryx gazella', 83, '975 Sachs Avenue'),
	(89, 'Amazona sp.', 73, '22688 Sunfield Junction'),
	(90, 'Lama guanicoe', 97, '33903 Briar Crest Center'),
	(91, 'Uraeginthus angolensis', 69, '67 Express Alley'),
	(92, 'Eubalaena australis', 59, '1685 Vidon Place'),
	(93, 'Helogale undulata', 77, '15008 Mosinee Pass'),
	(94, 'Zalophus californicus', 95, '0619 Havey Terrace'),
	(95, 'Threskionis aethiopicus', 27, '2240 Sunfield Street'),
	(96, 'Caiman crocodilus', 77, '4732 Corry Trail'),
	(97, 'Connochaetus taurinus', 43, '0281 Northland Terrace'),
	(98, 'Trichoglossus haematodus moluccanus', 59, '15713 Scofield Park'),
	(99, 'Acrobates pygmaeus', 45, '630 Northview Park'),
	(100, 'Spilogale gracilis', 76, '1 Rieder Place');
/*!40000 ALTER TABLE `album` ENABLE KEYS */;

-- Volcando estructura para tabla Spotify.artista
CREATE TABLE IF NOT EXISTS `artista` (
  `id_artista` int(11) NOT NULL AUTO_INCREMENT,
  `nombre` varchar(20) NOT NULL,
  `acerca` varchar(50) DEFAULT NULL,
  `foto` blob DEFAULT NULL,
  PRIMARY KEY (`id_artista`)
) ENGINE=InnoDB AUTO_INCREMENT=101 DEFAULT CHARSET=latin1;

-- Volcando datos para la tabla Spotify.artista: ~100 rows (aproximadamente)
/*!40000 ALTER TABLE `artista` DISABLE KEYS */;
INSERT INTO `artista` (`id_artista`, `nombre`, `acerca`, `foto`) VALUES
	(1, 'Tildie', '671 Spenser Terrace', _binary 0x68747470733A2F2F726F626F686173682E6F72672F74656D706F7265706572666572656E646973766F6C7570746174652E706E673F73697A653D3530783530267365743D73657431),
	(2, 'Yasmin', '77175 Moulton Plaza', _binary 0x68747470733A2F2F726F626F686173682E6F72672F72656D646F6C6F726175742E706E673F73697A653D3530783530267365743D73657431),
	(3, 'Pietra', '014 Ohio Terrace', _binary 0x68747470733A2F2F726F626F686173682E6F72672F656E696D71756F646573742E706E673F73697A653D3530783530267365743D73657431),
	(4, 'Ed', '09 Nelson Junction', _binary 0x68747470733A2F2F726F626F686173682E6F72672F646F6C6F72656E617475736D61676E616D2E706E673F73697A653D3530783530267365743D73657431),
	(5, 'Karlis', '4 Mcbride Hill', _binary 0x68747470733A2F2F726F626F686173682E6F72672F65786365707475726961757463756D2E706E673F73697A653D3530783530267365743D73657431),
	(6, 'Ozzie', '34995 Vahlen Alley', _binary 0x68747470733A2F2F726F626F686173682E6F72672F726572756D717561656D61696F7265732E706E673F73697A653D3530783530267365743D73657431),
	(7, 'Donavon', '082 Anthes Way', _binary 0x68747470733A2F2F726F626F686173682E6F72672F726570656C6C6174726572756D6D6F6C6573746961652E706E673F73697A653D3530783530267365743D73657431),
	(8, 'Waverly', '1 Kedzie Lane', _binary 0x68747470733A2F2F726F626F686173682E6F72672F6163637573616D75736465736572756E74616C69717569642E706E673F73697A653D3530783530267365743D73657431),
	(9, 'Perri', '1 International Terrace', _binary 0x68747470733A2F2F726F626F686173682E6F72672F75746E656D6F636F72706F7269732E706E673F73697A653D3530783530267365743D73657431),
	(10, 'Thomasine', '267 Sauthoff Way', _binary 0x68747470733A2F2F726F626F686173682E6F72672F6578706572737069636961746973766F6C7570746174656D2E706E673F73697A653D3530783530267365743D73657431),
	(11, 'Roarke', '698 Northport Lane', _binary 0x68747470733A2F2F726F626F686173682E6F72672F616C696173646F6C6F72656F6469742E706E673F73697A653D3530783530267365743D73657431),
	(12, 'Carlene', '06 Boyd Alley', _binary 0x68747470733A2F2F726F626F686173682E6F72672F71756964656D656F7371756962757364616D2E706E673F73697A653D3530783530267365743D73657431),
	(13, 'Jasmina', '8549 Glacier Hill Lane', _binary 0x68747470733A2F2F726F626F686173682E6F72672F726174696F6E656E617475736163637573616E7469756D2E706E673F73697A653D3530783530267365743D73657431),
	(14, 'Cletus', '96847 Clemons Alley', _binary 0x68747470733A2F2F726F626F686173682E6F72672F636F6E7365717561747572646F6C6F72696275736175742E706E673F73697A653D3530783530267365743D73657431),
	(15, 'Ferne', '9870 Elgar Place', _binary 0x68747470733A2F2F726F626F686173682E6F72672F717569736165706575742E706E673F73697A653D3530783530267365743D73657431),
	(16, 'Opalina', '67 Donald Crossing', _binary 0x68747470733A2F2F726F626F686173682E6F72672F6574617574656D7369742E706E673F73697A653D3530783530267365743D73657431),
	(17, 'Reube', '83908 Corscot Junction', _binary 0x68747470733A2F2F726F626F686173682E6F72672F63757069646974617465697573746F64656C656E6974692E706E673F73697A653D3530783530267365743D73657431),
	(18, 'Ware', '04204 Bayside Circle', _binary 0x68747470733A2F2F726F626F686173682E6F72672F6D696E75736170657269616D73756E742E706E673F73697A653D3530783530267365743D73657431),
	(19, 'Scarface', '612 Daystar Circle', _binary 0x68747470733A2F2F726F626F686173682E6F72672F76656C6573747175692E706E673F73697A653D3530783530267365743D73657431),
	(20, 'Rolland', '5852 Evergreen Junction', _binary 0x68747470733A2F2F726F626F686173682E6F72672F6E6F626973696D7065646974646F6C6F722E706E673F73697A653D3530783530267365743D73657431),
	(21, 'Curran', '17 Orin Court', _binary 0x68747470733A2F2F726F626F686173682E6F72672F696E766F6C7570746174656D717569612E706E673F73697A653D3530783530267365743D73657431),
	(22, 'Genevra', '17963 Little Fleur Trail', _binary 0x68747470733A2F2F726F626F686173682E6F72672F717569736D6F6C6C69746961617574656D2E706E673F73697A653D3530783530267365743D73657431),
	(23, 'Benedict', '99 Troy Crossing', _binary 0x68747470733A2F2F726F626F686173682E6F72672F6C61626F72696F73616D73757363697069747175692E706E673F73697A653D3530783530267365743D73657431),
	(24, 'Chariot', '02 7th Plaza', _binary 0x68747470733A2F2F726F626F686173682E6F72672F6D6F64697365717569696E76656E746F72652E706E673F73697A653D3530783530267365743D73657431),
	(25, 'Elton', '0 Becker Plaza', _binary 0x68747470733A2F2F726F626F686173682E6F72672F6E756D7175616D65737365717569612E706E673F73697A653D3530783530267365743D73657431),
	(26, 'Lois', '40725 Esch Avenue', _binary 0x68747470733A2F2F726F626F686173682E6F72672F646F6C6F7269627573717569736F7074696F2E706E673F73697A653D3530783530267365743D73657431),
	(27, 'Raffarty', '2 Butternut Drive', _binary 0x68747470733A2F2F726F626F686173682E6F72672F686172756D617373756D656E6461656E696D2E706E673F73697A653D3530783530267365743D73657431),
	(28, 'Nicoli', '60023 Autumn Leaf Alley', _binary 0x68747470733A2F2F726F626F686173682E6F72672F73696E7475746173706572696F7265732E706E673F73697A653D3530783530267365743D73657431),
	(29, 'Ruggiero', '241 Novick Center', _binary 0x68747470733A2F2F726F626F686173682E6F72672F6561717565756E64656C617564616E7469756D2E706E673F73697A653D3530783530267365743D73657431),
	(30, 'Valaree', '5 Del Mar Parkway', _binary 0x68747470733A2F2F726F626F686173682E6F72672F65746E6973696D61696F7265732E706E673F73697A653D3530783530267365743D73657431),
	(31, 'Mauricio', '295 Chive Way', _binary 0x68747470733A2F2F726F626F686173682E6F72672F65697573737573636970697461646970697363692E706E673F73697A653D3530783530267365743D73657431),
	(32, 'Noell', '351 Arapahoe Court', _binary 0x68747470733A2F2F726F626F686173682E6F72672F74656D706F7265717569726570656C6C656E6475732E706E673F73697A653D3530783530267365743D73657431),
	(33, 'Harlan', '28 Bultman Hill', _binary 0x68747470733A2F2F726F626F686173682E6F72672F6175747665726974617469737175616D2E706E673F73697A653D3530783530267365743D73657431),
	(34, 'Meryl', '7487 Judy Way', _binary 0x68747470733A2F2F726F626F686173682E6F72672F656E696D74656D706F726576656E69616D2E706E673F73697A653D3530783530267365743D73657431),
	(35, 'Aubree', '45 Independence Alley', _binary 0x68747470733A2F2F726F626F686173682E6F72672F626C616E6469746969737175697175692E706E673F73697A653D3530783530267365743D73657431),
	(36, 'Jacinda', '281 Lillian Crossing', _binary 0x68747470733A2F2F726F626F686173682E6F72672F6F646974766F6C7570746174656D657865726369746174696F6E656D2E706E673F73697A653D3530783530267365743D73657431),
	(37, 'Debby', '72118 Texas Court', _binary 0x68747470733A2F2F726F626F686173682E6F72672F65747265696369656E646973646F6C6F72696275732E706E673F73697A653D3530783530267365743D73657431),
	(38, 'Corbin', '356 Dixon Road', _binary 0x68747470733A2F2F726F626F686173682E6F72672F726570726568656E646572697465737365717561657261742E706E673F73697A653D3530783530267365743D73657431),
	(39, 'Bud', '565 Towne Place', _binary 0x68747470733A2F2F726F626F686173682E6F72672F656C6967656E64696174717565717569737175616D2E706E673F73697A653D3530783530267365743D73657431),
	(40, 'Gwyneth', '88 Monterey Court', _binary 0x68747470733A2F2F726F626F686173682E6F72672F6173706572696F72657376656C6175742E706E673F73697A653D3530783530267365743D73657431),
	(41, 'Shel', '5651 Nevada Point', _binary 0x68747470733A2F2F726F626F686173682E6F72672F76656C69746D61676E616D6C61626F72696F73616D2E706E673F73697A653D3530783530267365743D73657431),
	(42, 'Amelia', '64681 Park Meadow Junction', _binary 0x68747470733A2F2F726F626F686173682E6F72672F726570756469616E646165636F72706F7269736C696265726F2E706E673F73697A653D3530783530267365743D73657431),
	(43, 'Gertrud', '3 New Castle Place', _binary 0x68747470733A2F2F726F626F686173682E6F72672F6163637573616D7573766F6C757074617469627573656F732E706E673F73697A653D3530783530267365743D73657431),
	(44, 'Wyndham', '076 5th Circle', _binary 0x68747470733A2F2F726F626F686173682E6F72672F706572666572656E6469736469676E697373696D6F73626C616E6469746969732E706E673F73697A653D3530783530267365743D73657431),
	(45, 'Selinda', '95531 Magdeline Lane', _binary 0x68747470733A2F2F726F626F686173682E6F72672F65737365636F6E736571756174757261622E706E673F73697A653D3530783530267365743D73657431),
	(46, 'Kathie', '5 Kedzie Parkway', _binary 0x68747470733A2F2F726F626F686173682E6F72672F65616970736175742E706E673F73697A653D3530783530267365743D73657431),
	(47, 'Grace', '28 Lighthouse Bay Plaza', _binary 0x68747470733A2F2F726F626F686173682E6F72672F7375736369706974766F6C7570746174656D706F7373696D75732E706E673F73697A653D3530783530267365743D73657431),
	(48, 'Paolina', '6877 Vermont Way', _binary 0x68747470733A2F2F726F626F686173682E6F72672F6175746D6F6C65737469617373696E742E706E673F73697A653D3530783530267365743D73657431),
	(49, 'Andrea', '9209 Swallow Center', _binary 0x68747470733A2F2F726F626F686173682E6F72672F71756961617574646F6C6F72696275732E706E673F73697A653D3530783530267365743D73657431),
	(50, 'Gennie', '03709 Spohn Park', _binary 0x68747470733A2F2F726F626F686173682E6F72672F71756973666163657265717569612E706E673F73697A653D3530783530267365743D73657431),
	(51, 'Bethina', '9 Magdeline Court', _binary 0x68747470733A2F2F726F626F686173682E6F72672F7175616D696D70656469746D696E75732E706E673F73697A653D3530783530267365743D73657431),
	(52, 'Jard', '2937 Susan Crossing', _binary 0x68747470733A2F2F726F626F686173682E6F72672F70726F766964656E74697573746F70617269617475722E706E673F73697A653D3530783530267365743D73657431),
	(53, 'Silvie', '9961 Thackeray Trail', _binary 0x68747470733A2F2F726F626F686173682E6F72672F66756761706F7373696D75736175742E706E673F73697A653D3530783530267365743D73657431),
	(54, 'Reagen', '7 Heath Street', _binary 0x68747470733A2F2F726F626F686173682E6F72672F73697463756D717565766F6C75707461732E706E673F73697A653D3530783530267365743D73657431),
	(55, 'Filip', '19 Sage Place', _binary 0x68747470733A2F2F726F626F686173682E6F72672F646F6C6F7265736574646F6C6F722E706E673F73697A653D3530783530267365743D73657431),
	(56, 'Wendi', '52067 Blackbird Place', _binary 0x68747470733A2F2F726F626F686173682E6F72672F696C6C756D616C69617361622E706E673F73697A653D3530783530267365743D73657431),
	(57, 'Zackariah', '0 Commercial Circle', _binary 0x68747470733A2F2F726F626F686173682E6F72672F766F6C7570746174656D65747175692E706E673F73697A653D3530783530267365743D73657431),
	(58, 'Sandy', '01 Blue Bill Park Circle', _binary 0x68747470733A2F2F726F626F686173682E6F72672F6375706964697461746574656E657475726C696265726F2E706E673F73697A653D3530783530267365743D73657431),
	(59, 'Jackson', '42145 Hazelcrest Court', _binary 0x68747470733A2F2F726F626F686173682E6F72672F726572756D61737065726E61747572766F6C7570746174652E706E673F73697A653D3530783530267365743D73657431),
	(60, 'Shaina', '8 Johnson Lane', _binary 0x68747470733A2F2F726F626F686173682E6F72672F6175746D61676E6971756F2E706E673F73697A653D3530783530267365743D73657431),
	(61, 'Wolfy', '56566 Oneill Center', _binary 0x68747470733A2F2F726F626F686173682E6F72672F63756C7061636F6E7365717561747572706572666572656E6469732E706E673F73697A653D3530783530267365743D73657431),
	(62, 'Sherye', '0123 Brentwood Way', _binary 0x68747470733A2F2F726F626F686173682E6F72672F697573746F73756E746974617175652E706E673F73697A653D3530783530267365743D73657431),
	(63, 'Keven', '860 Mcbride Center', _binary 0x68747470733A2F2F726F626F686173682E6F72672F6561756E64656573742E706E673F73697A653D3530783530267365743D73657431),
	(64, 'Byram', '0934 Blaine Trail', _binary 0x68747470733A2F2F726F626F686173682E6F72672F6E656D6F7265637573616E64616561747175652E706E673F73697A653D3530783530267365743D73657431),
	(65, 'Roobbie', '0665 Mcbride Plaza', _binary 0x68747470733A2F2F726F626F686173682E6F72672F7369746F6D6E69736C61626F72756D2E706E673F73697A653D3530783530267365743D73657431),
	(66, 'Jason', '857 Troy Center', _binary 0x68747470733A2F2F726F626F686173682E6F72672F617574656D6D61676E69697073756D2E706E673F73697A653D3530783530267365743D73657431),
	(67, 'Whit', '8164 Canary Plaza', _binary 0x68747470733A2F2F726F626F686173682E6F72672F65747365646D61676E616D2E706E673F73697A653D3530783530267365743D73657431),
	(68, 'Wenona', '551 Graedel Trail', _binary 0x68747470733A2F2F726F626F686173682E6F72672F6E656D6F61626D6F6C6573746961652E706E673F73697A653D3530783530267365743D73657431),
	(69, 'Warner', '94 Ronald Regan Hill', _binary 0x68747470733A2F2F726F626F686173682E6F72672F61746574766F6C7570746174656D2E706E673F73697A653D3530783530267365743D73657431),
	(70, 'Stafford', '435 Dexter Plaza', _binary 0x68747470733A2F2F726F626F686173682E6F72672F7265637573616E64616561646970697363696E6F737472756D2E706E673F73697A653D3530783530267365743D73657431),
	(71, 'Leonelle', '1145 Oriole Way', _binary 0x68747470733A2F2F726F626F686173682E6F72672F657374766F6C7570746173616D65742E706E673F73697A653D3530783530267365743D73657431),
	(72, 'Corina', '4351 Birchwood Avenue', _binary 0x68747470733A2F2F726F626F686173682E6F72672F706F72726F626C616E64697469697373616570652E706E673F73697A653D3530783530267365743D73657431),
	(73, 'Igor', '8374 Fisk Crossing', _binary 0x68747470733A2F2F726F626F686173682E6F72672F697073756D646F6C6F72656D7175657065727370696369617469732E706E673F73697A653D3530783530267365743D73657431),
	(74, 'Reinold', '76 Shasta Trail', _binary 0x68747470733A2F2F726F626F686173682E6F72672F616C6971756964726572756D71756962757364616D2E706E673F73697A653D3530783530267365743D73657431),
	(75, 'Bartholomew', '7290 Dennis Street', _binary 0x68747470733A2F2F726F626F686173682E6F72672F6E65636573736974617469627573646F6C6F72656D65756D2E706E673F73697A653D3530783530267365743D73657431),
	(76, 'Joella', '5 Eliot Place', _binary 0x68747470733A2F2F726F626F686173682E6F72672F696E636964756E74717569737175616D2E706E673F73697A653D3530783530267365743D73657431),
	(77, 'Vilma', '08734 Forster Avenue', _binary 0x68747470733A2F2F726F626F686173682E6F72672F6F7074696F696E617574656D2E706E673F73697A653D3530783530267365743D73657431),
	(78, 'Gearard', '7 Doe Crossing Hill', _binary 0x68747470733A2F2F726F626F686173682E6F72672F6175746E61747573717569732E706E673F73697A653D3530783530267365743D73657431),
	(79, 'Udell', '09044 Hallows Pass', _binary 0x68747470733A2F2F726F626F686173682E6F72672F756E6465656F73647563696D75732E706E673F73697A653D3530783530267365743D73657431),
	(80, 'Mortie', '6769 Division Avenue', _binary 0x68747470733A2F2F726F626F686173682E6F72672F76656E69616D73756E746F6469742E706E673F73697A653D3530783530267365743D73657431),
	(81, 'Devy', '40200 Schlimgen Pass', _binary 0x68747470733A2F2F726F626F686173682E6F72672F726570656C6C656E647573617574626C616E6469746969732E706E673F73697A653D3530783530267365743D73657431),
	(82, 'Clarey', '2 Eastlawn Crossing', _binary 0x68747470733A2F2F726F626F686173682E6F72672F697573746F656176656E69616D2E706E673F73697A653D3530783530267365743D73657431),
	(83, 'Ollie', '2 Anniversary Park', _binary 0x68747470733A2F2F726F626F686173682E6F72672F766F6C7570746174656D75746C617564616E7469756D2E706E673F73697A653D3530783530267365743D73657431),
	(84, 'Danny', '902 Carioca Pass', _binary 0x68747470733A2F2F726F626F686173682E6F72672F6D6F6C657374696165636F6E73657175756E7475726465736572756E742E706E673F73697A653D3530783530267365743D73657431),
	(85, 'Nappy', '7 Colorado Avenue', _binary 0x68747470733A2F2F726F626F686173682E6F72672F6D61676E696E6F6E646F6C6F72696275732E706E673F73697A653D3530783530267365743D73657431),
	(86, 'Nettie', '571 Hoffman Place', _binary 0x68747470733A2F2F726F626F686173682E6F72672F7175697373616570656465736572756E742E706E673F73697A653D3530783530267365743D73657431),
	(87, 'Eva', '24588 Arapahoe Avenue', _binary 0x68747470733A2F2F726F626F686173682E6F72672F726570756469616E646165706F72726F6D61696F7265732E706E673F73697A653D3530783530267365743D73657431),
	(88, 'Steffie', '47 Kinsman Alley', _binary 0x68747470733A2F2F726F626F686173682E6F72672F6661636572656E6F6E7175692E706E673F73697A653D3530783530267365743D73657431),
	(89, 'Sandro', '794 Larry Place', _binary 0x68747470733A2F2F726F626F686173682E6F72672F6E65736369756E74656C6967656E64696661636572652E706E673F73697A653D3530783530267365743D73657431),
	(90, 'Karlik', '0 Anzinger Street', _binary 0x68747470733A2F2F726F626F686173682E6F72672F6162706572666572656E64697373696E742E706E673F73697A653D3530783530267365743D73657431),
	(91, 'Kirsten', '47 Susan Plaza', _binary 0x68747470733A2F2F726F626F686173682E6F72672F756C6C616D6F7074696F6163637573616D75732E706E673F73697A653D3530783530267365743D73657431),
	(92, 'Magdalene', '917 Northport Pass', _binary 0x68747470733A2F2F726F626F686173682E6F72672F6D61696F726573717569737175616D696C6C756D2E706E673F73697A653D3530783530267365743D73657431),
	(93, 'Quinn', '0 Iowa Drive', _binary 0x68747470733A2F2F726F626F686173682E6F72672F6574697573746F76656C69742E706E673F73697A653D3530783530267365743D73657431),
	(94, 'Guinevere', '4 Namekagon Lane', _binary 0x68747470733A2F2F726F626F686173682E6F72672F697573746F646963746173616570652E706E673F73697A653D3530783530267365743D73657431),
	(95, 'Jolynn', '54818 Portage Way', _binary 0x68747470733A2F2F726F626F686173682E6F72672F686172756D647563696D7573766F6C7570746174656D2E706E673F73697A653D3530783530267365743D73657431),
	(96, 'Dela', '354 Paget Court', _binary 0x68747470733A2F2F726F626F686173682E6F72672F636F6E73657175756E74757271756961697572652E706E673F73697A653D3530783530267365743D73657431),
	(97, 'Lewes', '491 Westend Drive', _binary 0x68747470733A2F2F726F626F686173682E6F72672F766F6C7570746174756D646F6C6F72656D766F6C7570746174656D2E706E673F73697A653D3530783530267365743D73657431),
	(98, 'Darrell', '04 Mcbride Terrace', _binary 0x68747470733A2F2F726F626F686173682E6F72672F657462656174616573756E742E706E673F73697A653D3530783530267365743D73657431),
	(99, 'Orel', '5 Armistice Way', _binary 0x68747470733A2F2F726F626F686173682E6F72672F6D696E7573656E696D756C6C616D2E706E673F73697A653D3530783530267365743D73657431),
	(100, 'Abe', '1 Scott Terrace', _binary 0x68747470733A2F2F726F626F686173682E6F72672F6F7074696F717569616E6968696C2E706E673F73697A653D3530783530267365743D73657431);
/*!40000 ALTER TABLE `artista` ENABLE KEYS */;

-- Volcando estructura para tabla Spotify.auditoria
CREATE TABLE IF NOT EXISTS `auditoria` (
  `id_auditoria` int(11) NOT NULL AUTO_INCREMENT,
  `descripcion` varchar(50) NOT NULL,
  `hora_entrada` datetime DEFAULT NULL,
  `hora_salida` datetime DEFAULT NULL,
  `id_usuario` int(11) NOT NULL,
  PRIMARY KEY (`id_auditoria`),
  KEY `id_usuario` (`id_usuario`),
  CONSTRAINT `auditoria_ibfk_1` FOREIGN KEY (`id_usuario`) REFERENCES `usuario` (`id_usuario`)
) ENGINE=InnoDB AUTO_INCREMENT=101 DEFAULT CHARSET=latin1;

-- Volcando datos para la tabla Spotify.auditoria: ~100 rows (aproximadamente)
/*!40000 ALTER TABLE `auditoria` DISABLE KEYS */;
INSERT INTO `auditoria` (`id_auditoria`, `descripcion`, `hora_entrada`, `hora_salida`, `id_usuario`) VALUES
	(1, 'escuchando musica', '2019-06-09 00:00:00', '2019-06-15 00:00:00', 64),
	(2, 'escuchando musica', '2019-09-11 00:00:00', '2019-09-17 00:00:00', 38),
	(3, 'login', '2020-04-25 00:00:00', '2020-04-28 00:00:00', 65),
	(4, 'escuchando musica', '2019-07-27 00:00:00', '2019-08-01 00:00:00', 54),
	(5, 'cerrar session', '2019-11-07 00:00:00', '2019-11-17 00:00:00', 38),
	(6, 'login', '2019-09-14 00:00:00', '2019-09-22 00:00:00', 93),
	(7, 'escuchando musica', '2019-12-04 00:00:00', '2019-12-12 00:00:00', 36),
	(8, 'escuchando musica', '2020-04-15 00:00:00', '2020-04-19 00:00:00', 14),
	(9, 'login', '2019-09-12 00:00:00', '2019-09-14 00:00:00', 44),
	(10, 'cerrar session', '2020-04-18 00:00:00', '2020-04-20 00:00:00', 2),
	(11, 'escuchando musica', '2019-12-02 00:00:00', '2019-12-03 00:00:00', 98),
	(12, 'login', '2020-02-08 00:00:00', '2020-02-16 00:00:00', 75),
	(13, 'escuchando musica', '2019-06-21 00:00:00', '2019-06-30 00:00:00', 5),
	(14, 'escuchando musica', '2019-10-28 00:00:00', '2019-11-01 00:00:00', 95),
	(15, 'login', '2019-06-09 00:00:00', '2019-06-17 00:00:00', 91),
	(16, 'escuchando musica', '2020-03-14 00:00:00', '2020-03-24 00:00:00', 88),
	(17, 'escuchando musica', '2020-05-13 00:00:00', '2020-05-21 00:00:00', 6),
	(18, 'login', '2020-04-15 00:00:00', '2020-04-17 00:00:00', 92),
	(19, 'escuchando musica', '2019-08-09 00:00:00', '2019-08-16 00:00:00', 82),
	(20, 'cerrar session', '2020-04-29 00:00:00', '2020-05-03 00:00:00', 2),
	(21, 'login', '2019-10-27 00:00:00', '2019-10-29 00:00:00', 12),
	(22, 'escuchando musica', '2019-08-13 00:00:00', '2019-08-18 00:00:00', 69),
	(23, 'escuchando musica', '2019-11-29 00:00:00', '2019-12-05 00:00:00', 45),
	(24, 'login', '2020-02-26 00:00:00', '2020-03-03 00:00:00', 13),
	(25, 'cerrar session', '2019-06-14 00:00:00', '2019-06-21 00:00:00', 50),
	(26, 'escuchando musica', '2019-12-11 00:00:00', '2019-12-14 00:00:00', 60),
	(27, 'login', '2020-03-12 00:00:00', '2020-03-16 00:00:00', 52),
	(28, 'escuchando musica', '2020-05-07 00:00:00', '2020-05-13 00:00:00', 13),
	(29, 'escuchando musica', '2019-09-11 00:00:00', '2019-09-20 00:00:00', 63),
	(30, 'login', '2019-09-03 00:00:00', '2019-09-08 00:00:00', 80),
	(31, 'escuchando musica', '2019-07-11 00:00:00', '2019-07-20 00:00:00', 87),
	(32, 'escuchando musica', '2019-06-12 00:00:00', '2019-06-17 00:00:00', 91),
	(33, 'login', '2019-07-22 00:00:00', '2019-07-23 00:00:00', 97),
	(34, 'escuchando musica', '2020-04-03 00:00:00', '2020-04-12 00:00:00', 36),
	(35, 'cerrar session', '2019-08-31 00:00:00', '2019-09-10 00:00:00', 3),
	(36, 'login', '2020-02-07 00:00:00', '2020-02-14 00:00:00', 38),
	(37, 'escuchando musica', '2020-01-18 00:00:00', '2020-01-27 00:00:00', 6),
	(38, 'escuchando musica', '2019-07-26 00:00:00', '2019-08-02 00:00:00', 26),
	(39, 'login', '2019-06-24 00:00:00', '2019-06-29 00:00:00', 28),
	(40, 'cerrar session', '2020-05-28 00:00:00', '2020-06-03 00:00:00', 26),
	(41, 'escuchando musica', '2020-02-21 00:00:00', '2020-02-29 00:00:00', 29),
	(42, 'login', '2019-09-01 00:00:00', '2019-09-09 00:00:00', 64),
	(43, 'escuchando musica', '2020-03-11 00:00:00', '2020-03-15 00:00:00', 84),
	(44, 'escuchando musica', '2019-08-01 00:00:00', '2019-08-11 00:00:00', 68),
	(45, 'login', '2019-09-27 00:00:00', '2019-10-01 00:00:00', 45),
	(46, 'escuchando musica', '2020-02-28 00:00:00', '2020-03-05 00:00:00', 88),
	(47, 'escuchando musica', '2019-08-05 00:00:00', '2019-08-11 00:00:00', 22),
	(48, 'login', '2020-03-22 00:00:00', '2020-03-23 00:00:00', 94),
	(49, 'escuchando musica', '2019-12-07 00:00:00', '2019-12-10 00:00:00', 58),
	(50, 'cerrar session', '2019-07-14 00:00:00', '2019-07-23 00:00:00', 54),
	(51, 'login', '2020-02-10 00:00:00', '2020-02-13 00:00:00', 76),
	(52, 'escuchando musica', '2019-06-17 00:00:00', '2019-06-27 00:00:00', 46),
	(53, 'escuchando musica', '2019-06-02 00:00:00', '2019-06-08 00:00:00', 62),
	(54, 'login', '2019-07-11 00:00:00', '2019-07-17 00:00:00', 69),
	(55, 'cerrar session', '2020-04-07 00:00:00', '2020-04-13 00:00:00', 43),
	(56, 'escuchando musica', '2019-10-05 00:00:00', '2019-10-11 00:00:00', 22),
	(57, 'login', '2019-10-31 00:00:00', '2019-11-06 00:00:00', 22),
	(58, 'escuchando musica', '2019-11-26 00:00:00', '2019-12-04 00:00:00', 78),
	(59, 'escuchando musica', '2019-08-06 00:00:00', '2019-08-13 00:00:00', 92),
	(60, 'login', '2019-08-01 00:00:00', '2019-08-07 00:00:00', 91),
	(61, 'escuchando musica', '2020-01-05 00:00:00', '2020-01-15 00:00:00', 49),
	(62, 'escuchando musica', '2019-08-18 00:00:00', '2019-08-23 00:00:00', 20),
	(63, 'login', '2019-08-05 00:00:00', '2019-08-06 00:00:00', 22),
	(64, 'escuchando musica', '2020-01-16 00:00:00', '2020-01-18 00:00:00', 40),
	(65, 'cerrar session', '2020-03-12 00:00:00', '2020-03-20 00:00:00', 24),
	(66, 'login', '2019-06-03 00:00:00', '2019-06-13 00:00:00', 63),
	(67, 'escuchando musica', '2020-02-16 00:00:00', '2020-02-19 00:00:00', 96),
	(68, 'escuchando musica', '2019-12-04 00:00:00', '2019-12-13 00:00:00', 56),
	(69, 'login', '2020-01-26 00:00:00', '2020-01-28 00:00:00', 6),
	(70, 'cerrar session', '2020-01-28 00:00:00', '2020-02-02 00:00:00', 49),
	(71, 'escuchando musica', '2020-02-04 00:00:00', '2020-02-12 00:00:00', 86),
	(72, 'login', '2020-04-09 00:00:00', '2020-04-18 00:00:00', 26),
	(73, 'escuchando musica', '2019-07-29 00:00:00', '2019-08-04 00:00:00', 8),
	(74, 'escuchando musica', '2019-08-12 00:00:00', '2019-08-18 00:00:00', 78),
	(75, 'login', '2019-06-24 00:00:00', '2019-07-02 00:00:00', 72),
	(76, 'escuchando musica', '2019-11-04 00:00:00', '2019-11-05 00:00:00', 90),
	(77, 'escuchando musica', '2019-12-02 00:00:00', '2019-12-05 00:00:00', 41),
	(78, 'login', '2019-06-22 00:00:00', '2019-06-26 00:00:00', 59),
	(79, 'escuchando musica', '2019-11-09 00:00:00', '2019-11-11 00:00:00', 50),
	(80, 'cerrar session', '2020-05-12 00:00:00', '2020-05-17 00:00:00', 89),
	(81, 'login', '2020-04-15 00:00:00', '2020-04-19 00:00:00', 30),
	(82, 'escuchando musica', '2020-02-17 00:00:00', '2020-02-19 00:00:00', 34),
	(83, 'escuchando musica', '2020-01-13 00:00:00', '2020-01-17 00:00:00', 6),
	(84, 'login', '2019-12-25 00:00:00', '2020-01-04 00:00:00', 48),
	(85, 'cerrar session', '2020-02-10 00:00:00', '2020-02-19 00:00:00', 8),
	(86, 'escuchando musica', '2020-02-16 00:00:00', '2020-02-21 00:00:00', 89),
	(87, 'login', '2019-12-04 00:00:00', '2019-12-12 00:00:00', 35),
	(88, 'escuchando musica', '2019-11-16 00:00:00', '2019-11-17 00:00:00', 2),
	(89, 'escuchando musica', '2020-01-06 00:00:00', '2020-01-13 00:00:00', 14),
	(90, 'login', '2019-06-24 00:00:00', '2019-07-01 00:00:00', 31),
	(91, 'escuchando musica', '2020-01-20 00:00:00', '2020-01-27 00:00:00', 19),
	(92, 'escuchando musica', '2019-12-21 00:00:00', '2019-12-27 00:00:00', 57),
	(93, 'login', '2019-11-23 00:00:00', '2019-11-27 00:00:00', 35),
	(94, 'escuchando musica', '2019-11-09 00:00:00', '2019-11-10 00:00:00', 42),
	(95, 'cerrar session', '2019-12-12 00:00:00', '2019-12-17 00:00:00', 57),
	(96, 'login', '2020-05-14 00:00:00', '2020-05-17 00:00:00', 68),
	(97, 'escuchando musica', '2019-07-10 00:00:00', '2019-07-12 00:00:00', 56),
	(98, 'escuchando musica', '2019-12-26 00:00:00', '2020-01-03 00:00:00', 69),
	(99, 'login', '2019-09-04 00:00:00', '2019-09-10 00:00:00', 22),
	(100, 'cerrar session', '2019-07-18 00:00:00', '2019-07-20 00:00:00', 21);
/*!40000 ALTER TABLE `auditoria` ENABLE KEYS */;

-- Volcando estructura para tabla Spotify.cancion
CREATE TABLE IF NOT EXISTS `cancion` (
  `id_cancion` int(11) NOT NULL AUTO_INCREMENT,
  `titulo` varchar(50) NOT NULL,
  `duracion` time DEFAULT NULL,
  `pista` tinyint(4) DEFAULT NULL,
  `anio_de_creacion` year(4) DEFAULT NULL,
  `letra` varchar(50) DEFAULT NULL,
  `favorita` bit(1) DEFAULT NULL,
  `id_album` int(11) NOT NULL,
  `id_genero` int(11) DEFAULT NULL,
  `id_lista_de_reproduccion` int(11) DEFAULT NULL,
  PRIMARY KEY (`id_cancion`),
  KEY `id_genero` (`id_genero`),
  KEY `id_album` (`id_album`),
  KEY `id_lista_de_reproduccion` (`id_lista_de_reproduccion`),
  CONSTRAINT `cancion_ibfk_1` FOREIGN KEY (`id_genero`) REFERENCES `genero` (`id_genero`),
  CONSTRAINT `cancion_ibfk_2` FOREIGN KEY (`id_album`) REFERENCES `album` (`id_album`),
  CONSTRAINT `cancion_ibfk_3` FOREIGN KEY (`id_lista_de_reproduccion`) REFERENCES `lista_de_reproduccion` (`id_lista_de_reproduccion`)
) ENGINE=InnoDB AUTO_INCREMENT=101 DEFAULT CHARSET=latin1;

-- Volcando datos para la tabla Spotify.cancion: ~100 rows (aproximadamente)
/*!40000 ALTER TABLE `cancion` DISABLE KEYS */;
INSERT INTO `cancion` (`id_cancion`, `titulo`, `duracion`, `pista`, `anio_de_creacion`, `letra`, `favorita`, `id_album`, `id_genero`, `id_lista_de_reproduccion`) VALUES
	(1, 'Furbish\'s Lousewort', '03:18:41', 31, '2001', '95246 Monument Drive', b'0', 12, 16, 59),
	(2, 'Corchoropsis', '06:27:57', 58, '1990', '8052 Anthes Road', b'1', 96, 24, 80),
	(3, 'Kokea Lau Li\'i', '10:17:00', 35, '2000', '0 Dixon Court', b'0', 62, 28, 38),
	(4, 'Yellow Hairgrass', '15:25:06', 100, '2002', '7 Hollow Ridge Road', b'1', 5, 67, 1),
	(5, 'Hooker\'s Scratchdaisy', '04:36:24', 59, '2010', '8845 Cordelia Plaza', b'0', 79, 5, 32),
	(6, 'Zizotes Milkweed', '05:15:25', 44, '1994', '2499 Farwell Drive', b'0', 21, 54, 42),
	(7, 'Yellow-horn', '00:28:09', 100, '1998', '118 Prairie Rose Avenue', b'0', 39, 47, 29),
	(8, 'Rim Lichen', '17:05:58', 50, '2008', '9 Moland Center', b'0', 62, 96, 45),
	(9, 'Santa Cruz Tarplant', '15:58:17', 28, '2011', '327 Muir Point', b'0', 82, 35, 51),
	(10, 'Negra Lora', '17:31:39', 66, '2007', '92767 Kim Parkway', b'0', 49, 1, 2),
	(11, 'Manchurian Crab Apple', '23:58:42', 79, '2012', '8773 Bunting Point', b'1', 97, 28, 48),
	(12, 'Guinea Bactris', '08:15:20', 71, '1999', '79 Spohn Pass', b'0', 74, 99, 91),
	(13, 'Recurved Bryoerythrophyllum Moss', '20:46:38', 69, '2012', '188 Fremont Center', b'0', 23, 26, 82),
	(14, 'San Francisco Owl\'s-clover', '12:07:53', 83, '1995', '8 Hermina Plaza', b'0', 63, 44, 7),
	(15, 'White Snakeroot', '21:16:36', 62, '1985', '7 Oak Valley Park', b'0', 33, 33, 84),
	(16, 'Ahart\'s Cluster Rose', '05:30:33', 72, '2005', '076 Saint Paul Hill', b'0', 82, 90, 21),
	(17, 'Soft Agrimony', '09:19:12', 8, '1997', '87065 Brentwood Court', b'1', 89, 52, 48),
	(18, 'Phaeosporobolus', '07:34:38', 87, '1992', '16 Division Crossing', b'0', 56, 88, 76),
	(19, 'Bonnet Orchid', '04:49:18', 83, '2002', '25511 Prairieview Place', b'0', 84, 7, 90),
	(20, 'Engelmann\'s Evening Primrose', '09:37:49', 74, '1994', '1 Ruskin Avenue', b'0', 77, 80, 63),
	(21, 'Chondrilla', '01:01:01', 37, '2002', '6 Morrow Trail', b'1', 58, 93, 83),
	(22, 'Winter Vetch', '22:56:39', 81, '2010', '19161 Bonner Lane', b'0', 20, 46, 23),
	(23, 'Cedarglade St. Johnswort', '20:35:29', 67, '2001', '1921 Hazelcrest Avenue', b'1', 3, 34, 44),
	(24, 'Smooth Blue Aster', '20:41:53', 89, '2004', '9 Golden Leaf Plaza', b'0', 17, 54, 46),
	(25, 'White Edge Sedge', '13:32:40', 9, '2009', '671 Hollow Ridge Parkway', b'1', 100, 86, 96),
	(26, 'Woodland Sage', '08:36:33', 49, '1992', '70 Marcy Hill', b'0', 72, 15, 57),
	(27, 'Golden Polypody', '05:34:22', 65, '2011', '010 Kedzie Crossing', b'0', 85, 96, 14),
	(28, 'Falsegold Groundsel', '16:00:16', 88, '2006', '2509 Claremont Lane', b'0', 98, 16, 19),
	(29, 'Mosquito Plant', '21:19:07', 41, '1991', '4863 Oakridge Parkway', b'1', 2, 88, 77),
	(30, 'Smallflower Phacelia', '05:53:13', 21, '1998', '67 Walton Place', b'0', 24, 94, 19),
	(31, 'Piedmont Threeawn', '19:08:21', 27, '2000', '19387 Fulton Street', b'1', 88, 33, 99),
	(32, 'Nodding Beggartick', '05:02:59', 10, '1992', '41 West Hill', b'1', 65, 88, 54),
	(33, 'Yellowstone Draba', '13:45:49', 63, '2012', '87780 Thackeray Street', b'0', 11, 43, 86),
	(34, 'Orange Lichen', '22:51:01', 92, '2008', '625 Eliot Road', b'0', 52, 32, 20),
	(35, 'Pointed Gumweed', '07:05:35', 34, '1985', '4347 Brown Avenue', b'0', 98, 77, 17),
	(36, 'Cuban Nutrush', '18:33:50', 28, '2006', '7 Sutteridge Alley', b'0', 34, 90, 81),
	(37, 'Thelopsis Lichen', '12:56:16', 73, '2007', '4 Hermina Drive', b'1', 61, 9, 13),
	(38, 'Oregon False Goldenaster', '00:37:42', 17, '1995', '61121 Grover Park', b'1', 86, 13, 27),
	(39, 'Whitebark Raspberry', '12:27:16', 30, '2012', '7 Clyde Gallagher Trail', b'0', 8, 72, 78),
	(40, 'Jones Spiderflower', '19:59:18', 29, '2010', '060 Vermont Road', b'1', 48, 3, 53),
	(41, 'Pore Lichen', '04:00:25', 89, '2005', '25 Katie Junction', b'0', 44, 64, 10),
	(42, 'American Cracked Lichen', '07:33:03', 28, '2013', '5821 Spaight Pass', b'1', 94, 11, 68),
	(43, 'Pitcherplant', '14:36:41', 66, '2008', '207 Sommers Drive', b'0', 46, 17, 81),
	(44, 'Freeman Maple', '21:05:43', 1, '2009', '46 Ruskin Place', b'0', 41, 43, 52),
	(45, 'Kenwood Marsh Checkerbloom', '13:14:39', 73, '2005', '8 Helena Pass', b'0', 13, 77, 44),
	(46, 'Parmotrema Lichen', '05:40:47', 29, '1993', '4 Spohn Drive', b'0', 73, 13, 1),
	(47, 'Olona', '06:04:26', 59, '2009', '74628 Lukken Point', b'1', 84, 73, 70),
	(48, 'Maguey', '23:56:28', 50, '1991', '30 Tennessee Center', b'1', 95, 2, 96),
	(49, 'Marsh Grass Of Parnassus', '14:20:33', 71, '1992', '1 American Plaza', b'1', 73, 44, 26),
	(50, 'Smith\'s Buckthorn', '00:46:45', 82, '2003', '89559 Logan Road', b'0', 95, 30, 90),
	(51, 'Beechleaf Frangula', '15:00:22', 83, '2003', '94 Fieldstone Plaza', b'0', 99, 11, 42),
	(52, 'Haller\'s Campylium Moss', '09:28:31', 45, '2005', '22 Marquette Trail', b'0', 30, 1, 17),
	(53, 'Jewels Of Opar', '05:42:45', 78, '2008', '9978 Brickson Park Parkway', b'1', 48, 62, 60),
	(54, 'Common Twinpod', '16:57:46', 31, '1993', '189 Crescent Oaks Crossing', b'1', 40, 18, 16),
	(55, 'Smallflower Bird\'s-foot Trefoil', '15:43:56', 51, '1995', '5 Kennedy Plaza', b'0', 51, 42, 99),
	(56, 'Puffballs', '06:20:17', 99, '2006', '2 Buhler Crossing', b'1', 73, 21, 14),
	(57, 'Whitewoolly Buckwheat', '18:10:39', 86, '1985', '16840 Anniversary Alley', b'0', 91, 40, 13),
	(58, 'Vernal Pool Indian Paintbrush', '15:41:37', 69, '2000', '95084 Summer Ridge Point', b'1', 96, 47, 1),
	(59, 'Torrey\'s Yucca', '04:53:02', 77, '1988', '69 Utah Park', b'0', 12, 96, 64),
	(60, 'Gray\'s Biscuitroot', '04:36:01', 24, '2009', '8004 Morrow Trail', b'1', 39, 90, 55),
	(61, 'Pitted Stripeseed', '10:28:46', 78, '1969', '636 Dixon Point', b'0', 55, 66, 43),
	(62, 'Northern Fescue', '22:45:34', 34, '2009', '59 Sunbrook Pass', b'1', 95, 99, 71),
	(63, 'Big Blue Lilyturf', '14:16:26', 89, '2001', '17 Carberry Court', b'1', 67, 95, 87),
	(64, 'Sainfoin', '21:28:29', 16, '2006', '19 Sutherland Alley', b'0', 78, 18, 9),
	(65, 'Dwarf Rockcress', '17:24:20', 84, '1993', '509 Lukken Way', b'0', 91, 69, 64),
	(66, 'Pacific Saxifrage', '17:50:26', 7, '2005', '15577 Londonderry Hill', b'1', 78, 41, 86),
	(67, 'Funaria Moss', '15:47:11', 65, '1999', '896 Randy Parkway', b'0', 70, 67, 26),
	(68, 'Spiral Sorrel', '13:35:51', 78, '1997', '39 Crownhardt Crossing', b'1', 50, 48, 91),
	(69, 'Swampweed', '19:00:10', 17, '2008', '4061 Dryden Crossing', b'1', 91, 91, 62),
	(70, 'Giant Shield Lichen', '17:14:45', 39, '2001', '84 Sachtjen Drive', b'1', 87, 74, 1),
	(71, 'Little Evening Primrose', '15:08:48', 51, '1997', '81183 Orin Place', b'0', 2, 18, 76),
	(72, 'Sedge', '23:19:22', 28, '2004', '1 Ilene Junction', b'1', 96, 95, 54),
	(73, 'Riverside Spineflower', '02:39:14', 74, '1999', '07442 Straubel Circle', b'0', 22, 39, 70),
	(74, 'Hybrid Hickory', '02:18:14', 26, '1991', '6 Anthes Trail', b'1', 15, 9, 19),
	(75, 'Alaska Blackberry', '19:14:49', 41, '2005', '9 Moulton Hill', b'1', 19, 73, 28),
	(76, 'Fescue', '17:41:23', 89, '1993', '21 Huxley Pass', b'1', 66, 94, 47),
	(77, 'Cows Clover', '05:46:37', 92, '2005', '52 Clove Parkway', b'0', 77, 15, 2),
	(78, 'Field Parsley Piert', '09:52:54', 52, '2009', '893 Macpherson Court', b'0', 12, 35, 64),
	(79, 'Taiwanese Cheesewood', '16:43:17', 15, '2000', '4 Maywood Circle', b'0', 2, 73, 9),
	(80, 'Elliott\'s Fanpetals', '06:01:58', 97, '2009', '88118 Debra Avenue', b'1', 6, 100, 8),
	(81, 'Hairy Manzanita', '07:01:24', 55, '1989', '060 Golden Leaf Point', b'0', 25, 54, 78),
	(82, 'Four O\'clock', '09:18:57', 10, '2000', '9387 Mccormick Pass', b'1', 42, 40, 55),
	(83, 'Avian Goosefoot', '08:56:21', 67, '1997', '8467 Novick Park', b'0', 64, 81, 21),
	(84, 'Mouseear Hawkweed', '01:10:35', 19, '1984', '15571 Dixon Crossing', b'1', 93, 22, 64),
	(85, 'Rattan\'s Phacelia', '22:12:31', 38, '2010', '5430 Fremont Road', b'0', 43, 53, 5),
	(86, 'Naked Buckwheat', '13:37:35', 73, '2001', '5420 Corscot Avenue', b'0', 36, 100, 91),
	(87, 'Staghorn Cholla', '07:48:55', 19, '2001', '65175 Upham Drive', b'0', 34, 58, 93),
	(88, 'Entireleaf Mountain-avens', '11:47:55', 92, '1999', '850 Texas Avenue', b'0', 75, 20, 27),
	(89, 'Mugo Pine', '13:46:45', 43, '1984', '72 Meadow Ridge Alley', b'1', 44, 50, 61),
	(90, 'Cuban Wart Lichen', '11:42:18', 97, '1998', '48 Bowman Parkway', b'1', 56, 47, 41),
	(91, 'Habilla', '00:23:05', 51, '2010', '8 Hauk Avenue', b'1', 6, 54, 41),
	(92, 'Small Rocklettuce', '18:22:27', 16, '2005', '82 Norway Maple Circle', b'1', 61, 34, 83),
	(93, 'Bastard Cherry', '05:00:32', 95, '2007', '7 Sachtjen Plaza', b'0', 79, 89, 66),
	(94, 'Crater Lake Grapefern', '01:58:31', 73, '2007', '71 Crowley Alley', b'1', 15, 17, 28),
	(95, 'Swamp Wallaby Grass', '08:56:51', 9, '1994', '230 Elgar Center', b'1', 9, 84, 89),
	(96, 'Atwood\'s Evening Primrose', '00:45:32', 96, '2009', '4 Canary Parkway', b'0', 93, 91, 64),
	(97, 'Polycoccum Lichen', '05:17:20', 37, '2011', '90 Ridgeway Avenue', b'1', 19, 31, 70),
	(98, 'Florida Yellow Flax', '22:28:02', 57, '2000', '22835 Steensland Pass', b'0', 31, 51, 95),
	(99, 'Sadleria', '17:26:34', 97, '2001', '83112 Esker Way', b'0', 96, 30, 29),
	(100, 'White Shootingstar', '23:36:55', 66, '2003', '9428 Forest Street', b'0', 68, 16, 75);
/*!40000 ALTER TABLE `cancion` ENABLE KEYS */;

-- Volcando estructura para tabla Spotify.cancion_escuchada
CREATE TABLE IF NOT EXISTS `cancion_escuchada` (
  `id_cancion_escuchada` int(11) NOT NULL AUTO_INCREMENT,
  `duracion` time DEFAULT NULL,
  `id_cancion` int(11) DEFAULT NULL,
  `id_usuario` int(11) DEFAULT NULL,
  PRIMARY KEY (`id_cancion_escuchada`),
  KEY `id_cancion` (`id_cancion`),
  KEY `id_usuario` (`id_usuario`),
  CONSTRAINT `cancion_escuchada_ibfk_1` FOREIGN KEY (`id_cancion`) REFERENCES `cancion` (`id_cancion`),
  CONSTRAINT `cancion_escuchada_ibfk_2` FOREIGN KEY (`id_usuario`) REFERENCES `usuario` (`id_usuario`)
) ENGINE=InnoDB AUTO_INCREMENT=101 DEFAULT CHARSET=latin1;

-- Volcando datos para la tabla Spotify.cancion_escuchada: ~100 rows (aproximadamente)
/*!40000 ALTER TABLE `cancion_escuchada` DISABLE KEYS */;
INSERT INTO `cancion_escuchada` (`id_cancion_escuchada`, `duracion`, `id_cancion`, `id_usuario`) VALUES
	(1, '00:01:38', 16, 13),
	(2, '00:08:57', 16, 13),
	(3, '00:01:46', 50, 98),
	(4, '00:02:10', 14, 59),
	(5, '00:04:12', 66, 7),
	(6, '00:05:23', 76, 24),
	(7, '00:02:58', 15, 91),
	(8, '00:08:25', 16, 89),
	(9, '00:00:06', 41, 1),
	(10, '00:05:08', 64, 36),
	(11, '00:01:10', 64, 34),
	(12, '00:03:21', 1, 65),
	(13, '00:08:38', 49, 10),
	(14, '00:03:42', 3, 47),
	(15, '00:07:43', 16, 58),
	(16, '00:05:11', 81, 4),
	(17, '00:00:15', 79, 70),
	(18, '00:03:52', 22, 19),
	(19, '00:04:36', 56, 13),
	(20, '00:09:12', 52, 95),
	(21, '00:07:37', 67, 12),
	(22, '00:01:21', 8, 52),
	(23, '00:09:33', 49, 11),
	(24, '00:02:50', 36, 12),
	(25, '00:06:32', 83, 26),
	(26, '00:02:44', 98, 48),
	(27, '00:05:07', 25, 79),
	(28, '00:01:11', 71, 79),
	(29, '00:09:06', 3, 14),
	(30, '00:02:26', 53, 54),
	(31, '00:04:38', 84, 93),
	(32, '00:04:52', 70, 53),
	(33, '00:04:15', 27, 76),
	(34, '00:07:47', 18, 20),
	(35, '00:06:44', 84, 64),
	(36, '00:08:53', 29, 84),
	(37, '00:09:35', 99, 28),
	(38, '00:04:26', 52, 43),
	(39, '00:03:46', 79, 17),
	(40, '00:06:20', 72, 23),
	(41, '00:00:44', 65, 23),
	(42, '00:05:57', 12, 24),
	(43, '00:04:56', 61, 19),
	(44, '00:02:29', 43, 22),
	(45, '00:09:57', 42, 71),
	(46, '00:08:23', 96, 80),
	(47, '00:01:58', 1, 49),
	(48, '00:01:03', 18, 43),
	(49, '00:04:21', 31, 60),
	(50, '00:01:27', 16, 25),
	(51, '00:06:54', 45, 68),
	(52, '00:02:17', 84, 46),
	(53, '00:04:48', 44, 74),
	(54, '00:05:22', 32, 51),
	(55, '00:00:43', 45, 70),
	(56, '00:04:32', 95, 14),
	(57, '00:04:25', 91, 95),
	(58, '00:00:41', 8, 42),
	(59, '00:02:02', 91, 95),
	(60, '00:03:21', 96, 79),
	(61, '00:06:02', 62, 98),
	(62, '00:03:47', 45, 31),
	(63, '00:08:00', 80, 32),
	(64, '00:02:49', 25, 30),
	(65, '00:02:07', 82, 89),
	(66, '00:03:02', 11, 75),
	(67, '00:09:56', 76, 31),
	(68, '00:02:32', 29, 11),
	(69, '00:09:41', 34, 87),
	(70, '00:00:32', 81, 8),
	(71, '00:00:22', 39, 36),
	(72, '00:08:45', 71, 54),
	(73, '00:07:28', 23, 69),
	(74, '00:01:40', 73, 5),
	(75, '00:02:53', 82, 68),
	(76, '00:06:48', 28, 50),
	(77, '00:06:06', 3, 65),
	(78, '00:04:02', 10, 40),
	(79, '00:02:19', 73, 98),
	(80, '00:04:58', 82, 71),
	(81, '00:01:10', 24, 12),
	(82, '00:06:39', 95, 90),
	(83, '00:01:58', 80, 36),
	(84, '00:09:58', 100, 9),
	(85, '00:09:06', 24, 75),
	(86, '00:01:30', 28, 59),
	(87, '00:02:23', 86, 59),
	(88, '00:04:17', 81, 10),
	(89, '00:08:25', 4, 50),
	(90, '00:03:26', 65, 49),
	(91, '00:04:33', 76, 47),
	(92, '00:07:21', 51, 92),
	(93, '00:03:56', 55, 35),
	(94, '00:00:57', 98, 43),
	(95, '00:04:39', 42, 94),
	(96, '00:09:46', 93, 75),
	(97, '00:03:03', 83, 13),
	(98, '00:02:27', 44, 33),
	(99, '00:09:32', 60, 43),
	(100, '00:09:52', 59, 88);
/*!40000 ALTER TABLE `cancion_escuchada` ENABLE KEYS */;

-- Volcando estructura para tabla Spotify.genero
CREATE TABLE IF NOT EXISTS `genero` (
  `id_genero` int(11) NOT NULL AUTO_INCREMENT,
  `nombre` varchar(50) NOT NULL,
  PRIMARY KEY (`id_genero`)
) ENGINE=InnoDB AUTO_INCREMENT=101 DEFAULT CHARSET=latin1;

-- Volcando datos para la tabla Spotify.genero: ~100 rows (aproximadamente)
/*!40000 ALTER TABLE `genero` DISABLE KEYS */;
INSERT INTO `genero` (`id_genero`, `nombre`) VALUES
	(1, 'Action|Drama|Romance|Western'),
	(2, 'Drama|Mystery'),
	(3, 'Comedy|Drama'),
	(4, 'Comedy|Drama|Fantasy|Romance|Thriller'),
	(5, 'Action|Comedy|Drama|Western'),
	(6, 'Musical'),
	(7, 'Drama'),
	(8, 'Drama|Musical'),
	(9, 'Adventure|Children|Comedy|Mystery'),
	(10, 'Documentary|Musical'),
	(11, 'Documentary'),
	(12, 'Drama|Western'),
	(13, 'Animation|Documentary'),
	(14, 'Drama'),
	(15, 'Comedy|Crime'),
	(16, 'Comedy|Drama'),
	(17, 'Drama'),
	(18, 'Action|Adventure|Fantasy'),
	(19, 'Drama|Thriller'),
	(20, 'Comedy'),
	(21, 'Animation|Children'),
	(22, 'Adventure'),
	(23, 'Western'),
	(24, 'Comedy|Crime|Mystery|Thriller'),
	(25, 'Drama'),
	(26, '(no genres listed)'),
	(27, 'Mystery|Sci-Fi|Thriller'),
	(28, 'Horror'),
	(29, 'Adventure|Drama|War'),
	(30, 'Drama'),
	(31, 'Horror'),
	(32, 'Action|Drama|Romance'),
	(33, 'Action|Drama|Mystery'),
	(34, 'Comedy|Drama'),
	(35, 'Musical'),
	(36, 'Adventure|Comedy|Fantasy'),
	(37, 'Crime|Film-Noir|Thriller'),
	(38, 'Comedy|Drama'),
	(39, 'Drama|War'),
	(40, 'Western'),
	(41, 'Drama'),
	(42, 'Drama|Thriller'),
	(43, 'Comedy|Horror|Sci-Fi'),
	(44, 'Drama'),
	(45, 'Drama|Thriller'),
	(46, 'Comedy|Drama|Romance'),
	(47, 'Comedy|Fantasy|Romance'),
	(48, 'Drama|Fantasy'),
	(49, 'Action|Crime|Thriller'),
	(50, 'Comedy|Romance'),
	(51, 'Drama|Romance'),
	(52, 'Documentary'),
	(53, 'Comedy'),
	(54, 'Drama'),
	(55, 'Drama|Romance'),
	(56, 'Drama|Romance'),
	(57, 'Drama'),
	(58, 'Comedy|Mystery|Thriller'),
	(59, 'Comedy|Drama'),
	(60, 'Crime|Horror|Mystery|Thriller'),
	(61, 'Children|Comedy'),
	(62, 'Romance|Western'),
	(63, 'Comedy'),
	(64, 'Action|Adventure|Crime|Drama|Thriller'),
	(65, 'Comedy|Horror|Sci-Fi|Thriller'),
	(66, 'Drama|War'),
	(67, 'Drama'),
	(68, 'Adventure|Comedy|Fantasy'),
	(69, 'Drama|Romance'),
	(70, 'Drama'),
	(71, 'Drama|Romance'),
	(72, 'Drama'),
	(73, 'Crime|Thriller'),
	(74, 'Comedy|Drama'),
	(75, 'Musical|Romance'),
	(76, 'Crime|Drama|Romance'),
	(77, 'Drama'),
	(78, 'Comedy|Romance'),
	(79, 'Action|Comedy|Romance|War'),
	(80, 'Drama|Romance'),
	(81, 'Drama'),
	(82, 'Comedy'),
	(83, 'Drama|Romance'),
	(84, 'Crime|Drama'),
	(85, 'Drama'),
	(86, 'Drama|Thriller'),
	(87, 'Drama|Thriller|War'),
	(88, 'Action|Horror|Sci-Fi'),
	(89, 'Drama|War'),
	(90, 'Drama'),
	(91, 'Comedy|Drama'),
	(92, 'Drama|Romance'),
	(93, 'Adventure|Drama|War'),
	(94, 'Documentary'),
	(95, 'Drama'),
	(96, 'Drama'),
	(97, 'Comedy|Drama|Romance'),
	(98, 'Drama'),
	(99, 'Comedy|Drama|Romance'),
	(100, 'Comedy');
/*!40000 ALTER TABLE `genero` ENABLE KEYS */;

-- Volcando estructura para tabla Spotify.lista_de_reproduccion
CREATE TABLE IF NOT EXISTS `lista_de_reproduccion` (
  `id_lista_de_reproduccion` int(11) NOT NULL AUTO_INCREMENT,
  `nombre` varchar(50) NOT NULL,
  `id_usuario` int(11) NOT NULL,
  PRIMARY KEY (`id_lista_de_reproduccion`),
  KEY `id_usuario` (`id_usuario`),
  CONSTRAINT `lista_de_reproduccion_ibfk_1` FOREIGN KEY (`id_usuario`) REFERENCES `usuario` (`id_usuario`)
) ENGINE=InnoDB AUTO_INCREMENT=101 DEFAULT CHARSET=latin5;

-- Volcando datos para la tabla Spotify.lista_de_reproduccion: ~100 rows (aproximadamente)
/*!40000 ALTER TABLE `lista_de_reproduccion` DISABLE KEYS */;
INSERT INTO `lista_de_reproduccion` (`id_lista_de_reproduccion`, `nombre`, `id_usuario`) VALUES
	(1, 'Needle Mountain Milkvetch', 81),
	(2, 'Summer Coralroot', 26),
	(3, 'Bruchia Moss', 40),
	(4, 'Fiddlewood', 69),
	(5, 'Carbonea Lichen', 43),
	(6, 'Packard\'s Blazingstar', 93),
	(7, 'Irion County Buckwheat', 75),
	(8, 'False Box', 81),
	(9, 'Pseudocyphellaria Lichen', 45),
	(10, 'Wavyleaf Thoroughwort', 14),
	(11, 'Broadleaf Lupine', 63),
	(12, 'New Mexico Raspberry', 84),
	(13, 'Largeflowered Fiddleneck', 15),
	(14, 'Phaeographis', 32),
	(15, 'Dwarf Barley', 82),
	(16, 'South African Hoarypea', 95),
	(17, 'Virginia Wildrye', 32),
	(18, 'Palo De Hueso', 69),
	(19, 'Varigated Beard Lichen', 73),
	(20, 'Icelandic Poppy', 56),
	(21, 'Oklahoma Beardtongue', 56),
	(22, 'Lori\'s Columbine', 41),
	(23, 'Freckled Milkvetch', 21),
	(24, 'Beefsteakplant', 24),
	(25, 'Carolina Wild Petunia', 92),
	(26, 'Japanese Primrose', 34),
	(27, 'Barkplant', 33),
	(28, 'Schmidt\'s Xanthoparmelia Lichen', 12),
	(29, 'Patch Phacelia', 29),
	(30, 'Swamp-redwood', 43),
	(31, 'Ballhead Sandwort', 75),
	(32, 'White Mountain Clover', 28),
	(33, 'Plumed Clover', 32),
	(34, 'Coast Whitethorn', 22),
	(35, 'Indian Goosegrass', 21),
	(36, 'Florida Nutmeg', 33),
	(37, 'Hoary Phacelia', 17),
	(38, 'Guyandotte Beauty', 10),
	(39, 'Beard Lichen', 88),
	(40, 'New Mexico Maple', 27),
	(41, 'Dahoon', 59),
	(42, 'Vernal Pool Indian Paintbrush', 66),
	(43, 'Glypholecia Lichen', 76),
	(44, 'Cup Lichen', 25),
	(45, 'Snow Dwarf-primrose', 63),
	(46, 'Sweetscented Joe Pye Weed', 89),
	(47, 'Canadian Horseweed', 18),
	(48, 'Greenwhite Sedge', 95),
	(49, 'Dicranum Moss', 1),
	(50, 'Lemmon\'s Lessingia', 26),
	(51, 'Guinea Bactris', 20),
	(52, 'Clustered Frostweed', 12),
	(53, 'Mound Saltbush', 16),
	(54, 'Wisconsin Blackberry', 2),
	(55, 'Mountain Lovegrass', 79),
	(56, 'Serrate Aphanorrhegma Moss', 55),
	(57, 'Small Philippine Acacia', 41),
	(58, 'Elegant Silverpuffs', 64),
	(59, 'Aulacomnium Moss', 38),
	(60, 'Wrinkleseed Pygmyweed', 3),
	(61, 'Heartleaf Four O\'clock', 33),
	(62, 'White Rosewood', 71),
	(63, 'Jovibarba', 77),
	(64, 'Cracked Lichen', 10),
	(65, 'Quillwort', 77),
	(66, 'Desert Muhly', 27),
	(67, 'Pinkglobe Prairie Clover', 56),
	(68, 'Orcutt\'s Yellow Pincushion', 99),
	(69, 'Hybrid Oak', 82),
	(70, 'Snowline Springparsley', 72),
	(71, 'Ischaemum', 53),
	(72, 'Mt. Albert Goldenrod', 46),
	(73, 'Finehair Hymenopappus', 73),
	(74, 'Kauai Labordia', 22),
	(75, 'Slender Orcutt Grass', 32),
	(76, 'Chocolate Chip Lichen', 6),
	(77, 'Pine Barren Ticktrefoil', 87),
	(78, 'Tworank Sedge', 15),
	(79, 'Austroamerican Skin Lichen', 2),
	(80, 'Scarlet Bottlebrush', 86),
	(81, 'Woolly Huckleberry', 11),
	(82, 'Longstalk Holly', 99),
	(83, 'Red Trillium', 88),
	(84, 'Lousewort', 90),
	(85, 'Green Beebalm', 36),
	(86, 'Lacy Thistle', 10),
	(87, 'Wand Woollystar', 69),
	(88, 'Branching Phacelia', 35),
	(89, 'Cyamopsis', 78),
	(90, 'Springtape', 52),
	(91, 'Deflexed Brachiaria', 58),
	(92, 'Evans\' Beard Lichen', 99),
	(93, 'Canadian Gooseberry', 45),
	(94, 'Ginseng', 22),
	(95, 'Common Motherwort', 26),
	(96, 'Longspur Lupine', 91),
	(97, 'Bartramia Moss', 48),
	(98, 'Rimmed Lichen', 53),
	(99, 'Lance Fern', 87),
	(100, 'Showy Coneflower', 79);
/*!40000 ALTER TABLE `lista_de_reproduccion` ENABLE KEYS */;

-- Volcando estructura para tabla Spotify.login
CREATE TABLE IF NOT EXISTS `login` (
  `id_login` int(11) NOT NULL AUTO_INCREMENT,
  `correo_electronico` varchar(30) NOT NULL,
  `clave` varchar(20) NOT NULL,
  `restablecer_clave` varchar(20) DEFAULT NULL,
  `id_usuario` int(11) NOT NULL,
  PRIMARY KEY (`id_login`),
  KEY `id_usuario` (`id_usuario`),
  CONSTRAINT `login_ibfk_1` FOREIGN KEY (`id_usuario`) REFERENCES `usuario` (`id_usuario`)
) ENGINE=InnoDB AUTO_INCREMENT=41 DEFAULT CHARSET=latin1;

-- Volcando datos para la tabla Spotify.login: ~40 rows (aproximadamente)
/*!40000 ALTER TABLE `login` DISABLE KEYS */;
INSERT INTO `login` (`id_login`, `correo_electronico`, `clave`, `restablecer_clave`, `id_usuario`) VALUES
	(1, 'bchance0@microsoft.com', '5wT5J1D', 'NsToyAoo', 86),
	(2, 'sjehaes1@slate.com', 'THEtQrXf6Y', 'gVQLpXM', 59),
	(3, 'tnaylor2@lulu.com', 'HyvAtWPTcE', 'eOeO3W', 46),
	(4, 'swaplington3@prnewswire.com', 'L4bn9z', 'wdVxbPABA', 58),
	(5, 'cpossek4@alexa.com', 'YuGIyMnU', 'o9IaO2pvDMw', 10),
	(6, 'jjennings5@wisc.edu', '5zSqPA36w', 'CBChrQg', 77),
	(7, 'vkinforth6@squarespace.com', 'jVCmGq6sDyx', 'YWYkOVv4', 90),
	(8, 'lgoose7@live.com', 'bzp7vFFnQEYY', 'pvzxPQ', 53),
	(9, 'nblasetti8@istockphoto.com', 'bb9AL4Tes', 'xclxq1gTd4', 28),
	(10, 'zdinning9@w3.org', 'My4VNh0Jgo', '0WJXVoE45', 58),
	(11, 'mglena@cdbaby.com', 'cY2Xar', 'KGF3khsZ1FFB', 40),
	(12, 'acliffordb@woothemes.com', 'cYffNskeSFQ', 'CDwjTTZAVN', 24),
	(13, 'teisikowitchc@aol.com', 'j98NvzjIuAV', 'imNBG7orj5Xv', 26),
	(14, 'ipiggensd@businessinsider.com', 'swMLi4r42QJ', 'PqQl3vdu8F', 95),
	(15, 'gdownee@netscape.com', 'IXeiE4KL', '6EOnJZpklvE0', 60),
	(16, 'rbarreauf@archive.org', 'UeVx83uHo', '5Mu3G2qhXS', 25),
	(17, 'ogulleng@samsung.com', 'AmVAcvYXw8lw', 'We8vzU8', 76),
	(18, 'ihewsh@i2i.jp', 'YnI5hVUZ3Hv', 'WySMQq', 19),
	(19, 'zyannei@wufoo.com', 'L7C2Fj', 'P7lvAOAs', 14),
	(20, 'dsierj@ask.com', 'ufuopRK', 'OSZNgxtXYTL', 96),
	(21, 'dmcfaterk@who.int', 'atAlJ2PcnSD', 'LlOMhveL', 94),
	(22, 'aboulesl@ameblo.jp', '8A3UdZcW', 'TgWVhc', 27),
	(23, 'aacorsm@miibeian.gov.cn', '8DwtvACaS', 'ZShWPxdKxg', 92),
	(24, 'skneelandn@tamu.edu', '5YgulP', 'iY2ASWSow3', 26),
	(25, 'cchieneo@exblog.jp', '8Fe6rufxM2', '1r3Ovs5', 34),
	(26, 'bshawdforthp@marketwatch.com', 'NKhgkk', 'RHvHXk2Q0p', 42),
	(27, 'mlammertzq@vistaprint.com', 'PxCOTWO1O', 'ZUXj0e', 16),
	(28, 'jcropr@mashable.com', 'Q34ZypL', 'gpz7054', 14),
	(29, 'hlowrances@bigcartel.com', 'Zjl2634JSR5', 'CSYhxTRi', 79),
	(30, 'sheaffeyt@google.co.uk', 'r4js3R2Mu', '7nzoZf', 96),
	(31, 'jismailu@nydailynews.com', 'EK8wPf68R8gh', '0Un5qONC9H9o', 48),
	(32, 'wreadmanv@msu.edu', 'a6TX1d3W', '8R3qC90H', 33),
	(33, 'sjenkingw@epa.gov', '5w9CDmxlc', '5PTAWqLV8t', 70),
	(34, 'tmcgarrityx@slideshare.net', 'gOrxKu', 'TbyOqMICYQm', 30),
	(35, 'mdmychy@fc2.com', 'fzKUgBtEI71', 'JvPUco', 15),
	(36, 'swillishirez@mayoclinic.com', 'IgIB1Sj', 'RLWtWJOyiLkZ', 36),
	(37, 'ddabes10@mail.ru', 'yhB22Yyv8', 'ImojWD', 72),
	(38, 'themerijk11@nymag.com', 'v05eIExXaawl', 'CrT5e8OiCM90', 41),
	(39, 'wcreyke12@earthlink.net', 'xWQlhl', 'H0BxN7v', 53),
	(40, 'cnaper13@answers.com', 'jwKDvKGroSL', 'GGwGQ1G', 7);
/*!40000 ALTER TABLE `login` ENABLE KEYS */;

-- Volcando estructura para vista Spotify.reporte_creada_por_el_estudiante
-- Creando tabla temporal para superar errores de dependencia de VIEW
CREATE TABLE `reporte_creada_por_el_estudiante` (
	`Titulo` VARCHAR(50) NOT NULL COLLATE 'latin1_swedish_ci',
	`Artista` VARCHAR(20) NOT NULL COLLATE 'latin1_swedish_ci',
	`Album` VARCHAR(50) NULL COLLATE 'latin1_swedish_ci',
	`Duracion` TIME NULL,
	`Año_de_creacion` YEAR NULL
) ENGINE=MyISAM;

-- Volcando estructura para vista Spotify.reporte_de_canciones_mas_escuchados
-- Creando tabla temporal para superar errores de dependencia de VIEW
CREATE TABLE `reporte_de_canciones_mas_escuchados` (
	`Titulo` VARCHAR(50) NOT NULL COLLATE 'latin1_swedish_ci',
	`Album` VARCHAR(50) NULL COLLATE 'latin1_swedish_ci',
	`Artista` VARCHAR(20) NOT NULL COLLATE 'latin1_swedish_ci',
	`Cantidad_de_veces_escuchando` BIGINT(21) NOT NULL,
	`Cantidad_de_usuarios` BIGINT(21) NOT NULL
) ENGINE=MyISAM;

-- Volcando estructura para vista Spotify.reporte_de_ingresos_de_usuarios
-- Creando tabla temporal para superar errores de dependencia de VIEW
CREATE TABLE `reporte_de_ingresos_de_usuarios` (
	`Nombre_de_usuario` VARCHAR(30) NOT NULL COLLATE 'latin1_swedish_ci',
	`Ultimo_ingreso` DATETIME NULL,
	`Cantidad_de_ingresos_en_total` BIGINT(21) NOT NULL
) ENGINE=MyISAM;

-- Volcando estructura para tabla Spotify.usuario
CREATE TABLE IF NOT EXISTS `usuario` (
  `id_usuario` int(11) NOT NULL AUTO_INCREMENT,
  `nick` varchar(20) NOT NULL,
  `nombre` varchar(30) NOT NULL,
  `apellido` varchar(30) NOT NULL,
  `fecha_de_creacion` datetime NOT NULL,
  `foto_de_perfil` blob DEFAULT NULL,
  PRIMARY KEY (`id_usuario`)
) ENGINE=InnoDB AUTO_INCREMENT=101 DEFAULT CHARSET=latin1;

-- Volcando datos para la tabla Spotify.usuario: ~100 rows (aproximadamente)
/*!40000 ALTER TABLE `usuario` DISABLE KEYS */;
INSERT INTO `usuario` (`id_usuario`, `nick`, `nombre`, `apellido`, `fecha_de_creacion`, `foto_de_perfil`) VALUES
	(1, 'Solène', 'Cally', 'Mounsey', '2019-10-29 00:00:00', _binary 0x68747470733A2F2F726F626F686173682E6F72672F636F7272757074696F64697465612E6A70673F73697A653D3530783530267365743D73657431),
	(2, 'Yóu', 'Madelaine', 'Ranvoise', '2020-01-12 00:00:00', _binary 0x68747470733A2F2F726F626F686173682E6F72672F71756F73706C6163656174636F6E73657175756E7475722E6A70673F73697A653D3530783530267365743D73657431),
	(3, 'Uò', 'Rodd', 'Kinzett', '2019-08-03 00:00:00', _binary 0x68747470733A2F2F726F626F686173682E6F72672F65756D69707361626C616E6469746969732E626D703F73697A653D3530783530267365743D73657431),
	(4, 'Stéphanie', 'Carny', 'Brambley', '2020-05-24 00:00:00', _binary 0x68747470733A2F2F726F626F686173682E6F72672F6E697369717569737175616D746F74616D2E6A70673F73697A653D3530783530267365743D73657431),
	(5, 'Kévina', 'Barry', 'Tooth', '2019-12-23 00:00:00', _binary 0x68747470733A2F2F726F626F686173682E6F72672F74656D706F72656C61626F72756D7175616D2E6A70673F73697A653D3530783530267365743D73657431),
	(6, 'Séréna', 'Boniface', 'McGrah', '2019-08-02 00:00:00', _binary 0x68747470733A2F2F726F626F686173682E6F72672F6578636F6E7365717561747572636F6E73657175617475722E706E673F73697A653D3530783530267365743D73657431),
	(7, 'Mélinda', 'Aretha', 'Jouannisson', '2019-06-25 00:00:00', _binary 0x68747470733A2F2F726F626F686173682E6F72672F666163657265616D65747175692E626D703F73697A653D3530783530267365743D73657431),
	(8, 'Dà', 'Dalli', 'Clewlow', '2020-05-15 00:00:00', _binary 0x68747470733A2F2F726F626F686173682E6F72672F6574636F6D6D6F6469697073756D2E706E673F73697A653D3530783530267365743D73657431),
	(9, 'Cloé', 'Maura', 'Varnals', '2020-04-29 00:00:00', _binary 0x68747470733A2F2F726F626F686173682E6F72672F696C6C756D61757476656C69742E626D703F73697A653D3530783530267365743D73657431),
	(10, 'Erwéi', 'Ilka', 'Cazin', '2019-07-08 00:00:00', _binary 0x68747470733A2F2F726F626F686173682E6F72672F736F6C7574616578706C696361626F6469676E697373696D6F732E706E673F73697A653D3530783530267365743D73657431),
	(11, 'Nuó', 'Avivah', 'MacNeilly', '2019-12-09 00:00:00', _binary 0x68747470733A2F2F726F626F686173682E6F72672F7175696164656C656E697469696D70656469742E706E673F73697A653D3530783530267365743D73657431),
	(12, 'Maïté', 'Linnet', 'Sclanders', '2019-07-30 00:00:00', _binary 0x68747470733A2F2F726F626F686173682E6F72672F736564616C696173766F6C7570746174656D2E6A70673F73697A653D3530783530267365743D73657431),
	(13, 'Lorène', 'Marcie', 'Luetkemeyers', '2019-10-28 00:00:00', _binary 0x68747470733A2F2F726F626F686173682E6F72672F6C61626F72756D7369747365642E6A70673F73697A653D3530783530267365743D73657431),
	(14, 'Kuí', 'Tucky', 'Hubbart', '2019-07-21 00:00:00', _binary 0x68747470733A2F2F726F626F686173682E6F72672F736165706573696E74726570656C6C656E6475732E6A70673F73697A653D3530783530267365743D73657431),
	(15, 'Aurélie', 'Jane', 'Valiant', '2020-04-02 00:00:00', _binary 0x68747470733A2F2F726F626F686173682E6F72672F6465736572756E746C696265726F636F6D6D6F64692E706E673F73697A653D3530783530267365743D73657431),
	(16, 'Loïs', 'Hobie', 'Itzhak', '2019-11-28 00:00:00', _binary 0x68747470733A2F2F726F626F686173682E6F72672F646F6C6F72656D726570726568656E646572697473757363697069742E626D703F73697A653D3530783530267365743D73657431),
	(17, 'Gisèle', 'Keefer', 'Sedgmond', '2019-09-27 00:00:00', _binary 0x68747470733A2F2F726F626F686173682E6F72672F76656C74656D706F726165756D2E706E673F73697A653D3530783530267365743D73657431),
	(18, 'Océanne', 'Armin', 'Munkton', '2019-08-05 00:00:00', _binary 0x68747470733A2F2F726F626F686173682E6F72672F7369746D61696F72657365756D2E626D703F73697A653D3530783530267365743D73657431),
	(19, 'Bérénice', 'Malissa', 'Winton', '2020-03-01 00:00:00', _binary 0x68747470733A2F2F726F626F686173682E6F72672F61737065726E61747572706572666572656E646973616E696D692E626D703F73697A653D3530783530267365743D73657431),
	(20, 'Maëly', 'Leona', 'Glencrosche', '2019-11-08 00:00:00', _binary 0x68747470733A2F2F726F626F686173682E6F72672F736F6C75746169737465646F6C6F722E6A70673F73697A653D3530783530267365743D73657431),
	(21, 'Táng', 'Jacquelin', 'Habershaw', '2020-03-14 00:00:00', _binary 0x68747470733A2F2F726F626F686173682E6F72672F6164696C6C6F74656E657475722E626D703F73697A653D3530783530267365743D73657431),
	(22, 'Faîtes', 'Robinette', 'Hamshaw', '2019-11-10 00:00:00', _binary 0x68747470733A2F2F726F626F686173682E6F72672F6E6968696C7365646C696265726F2E706E673F73697A653D3530783530267365743D73657431),
	(23, 'Håkan', 'Kippie', 'MacKimmie', '2019-07-12 00:00:00', _binary 0x68747470733A2F2F726F626F686173682E6F72672F6675676974696E636964756E7464656C65637475732E6A70673F73697A653D3530783530267365743D73657431),
	(24, 'Maëlann', 'Carolan', 'Spolton', '2019-09-15 00:00:00', _binary 0x68747470733A2F2F726F626F686173682E6F72672F64697374696E6374696F6E65636573736974617469627573646F6C6F7265732E6A70673F73697A653D3530783530267365743D73657431),
	(25, 'Ruì', 'Arden', 'Cocks', '2020-02-13 00:00:00', _binary 0x68747470733A2F2F726F626F686173682E6F72672F717569617361657065706F7373696D75732E6A70673F73697A653D3530783530267365743D73657431),
	(26, 'Léandre', 'Terrie', 'Dransfield', '2020-02-15 00:00:00', _binary 0x68747470733A2F2F726F626F686173682E6F72672F71756F73646F6C6F727175692E706E673F73697A653D3530783530267365743D73657431),
	(27, 'Mélissandre', 'Novelia', 'Baldetti', '2020-01-31 00:00:00', _binary 0x68747470733A2F2F726F626F686173682E6F72672F636F6E73657175756E74757276656C6E756D7175616D2E706E673F73697A653D3530783530267365743D73657431),
	(28, 'Stévina', 'Zeke', 'Poulgreen', '2020-02-03 00:00:00', _binary 0x68747470733A2F2F726F626F686173682E6F72672F6869636E65736369756E74726570656C6C61742E6A70673F73697A653D3530783530267365743D73657431),
	(29, 'Océanne', 'Mable', 'Gladman', '2019-12-27 00:00:00', _binary 0x68747470733A2F2F726F626F686173682E6F72672F657870656469746165756D6576656E6965742E626D703F73697A653D3530783530267365743D73657431),
	(30, 'Garçon', 'Stepha', 'Hillyatt', '2019-07-12 00:00:00', _binary 0x68747470733A2F2F726F626F686173682E6F72672F76656C6D6F6C6C69746961656E696D2E626D703F73697A653D3530783530267365743D73657431),
	(31, 'Mélanie', 'Wildon', 'Coale', '2019-11-30 00:00:00', _binary 0x68747470733A2F2F726F626F686173682E6F72672F657471756173646F6C6F72656D2E706E673F73697A653D3530783530267365743D73657431),
	(32, 'Ráo', 'Shay', 'Bernadzki', '2019-06-03 00:00:00', _binary 0x68747470733A2F2F726F626F686173682E6F72672F6574697573746F697073612E6A70673F73697A653D3530783530267365743D73657431),
	(33, 'Mahélie', 'Antonella', 'Bridgeman', '2019-07-05 00:00:00', _binary 0x68747470733A2F2F726F626F686173682E6F72672F65737471756973697573746F2E706E673F73697A653D3530783530267365743D73657431),
	(34, 'Lèi', 'Nicolina', 'Arnald', '2019-10-10 00:00:00', _binary 0x68747470733A2F2F726F626F686173682E6F72672F6C696265726F71756F646974617175652E706E673F73697A653D3530783530267365743D73657431),
	(35, 'Östen', 'Lynn', 'Keddie', '2019-08-29 00:00:00', _binary 0x68747470733A2F2F726F626F686173682E6F72672F7175616D61737065726E61747572636F72706F7269732E6A70673F73697A653D3530783530267365743D73657431),
	(36, 'Méline', 'Jodi', 'Pomfrey', '2019-11-18 00:00:00', _binary 0x68747470733A2F2F726F626F686173682E6F72672F636F72706F7269736576656E696574646F6C6F72656D7175652E706E673F73697A653D3530783530267365743D73657431),
	(37, 'Maéna', 'Maure', 'Gendrich', '2019-07-30 00:00:00', _binary 0x68747470733A2F2F726F626F686173682E6F72672F71756173696E69642E706E673F73697A653D3530783530267365743D73657431),
	(38, 'Océane', 'Hugues', 'Shiers', '2019-08-03 00:00:00', _binary 0x68747470733A2F2F726F626F686173682E6F72672F73757363697069747665726F646F6C6F72756D2E626D703F73697A653D3530783530267365743D73657431),
	(39, 'Adélie', 'Bartholomeo', 'Poone', '2019-06-15 00:00:00', _binary 0x68747470733A2F2F726F626F686173682E6F72672F617574766F6C7570746174656D6F6D6E69732E626D703F73697A653D3530783530267365743D73657431),
	(40, 'Mélodie', 'Percival', 'Dorie', '2019-08-07 00:00:00', _binary 0x68747470733A2F2F726F626F686173682E6F72672F726570656C6C617473617069656E746565742E706E673F73697A653D3530783530267365743D73657431),
	(41, 'Océane', 'Lyman', 'Galletly', '2020-01-25 00:00:00', _binary 0x68747470733A2F2F726F626F686173682E6F72672F617373756D656E64616175747175692E626D703F73697A653D3530783530267365743D73657431),
	(42, 'Laïla', 'Ilyse', 'Lloyds', '2019-09-30 00:00:00', _binary 0x68747470733A2F2F726F626F686173682E6F72672F6170657269616D6465626974697364696374612E626D703F73697A653D3530783530267365743D73657431),
	(43, 'Thérèse', 'Crichton', 'Dedon', '2020-01-22 00:00:00', _binary 0x68747470733A2F2F726F626F686173682E6F72672F6D696E757365746469676E697373696D6F732E706E673F73697A653D3530783530267365743D73657431),
	(44, 'Eloïse', 'Verina', 'Manktelow', '2020-05-21 00:00:00', _binary 0x68747470733A2F2F726F626F686173682E6F72672F766F6C7570746174656D646F6C6F72656465736572756E742E6A70673F73697A653D3530783530267365743D73657431),
	(45, 'Régine', 'Roselle', 'Highnam', '2019-10-15 00:00:00', _binary 0x68747470733A2F2F726F626F686173682E6F72672F73756E74717561657261747175616D2E626D703F73697A653D3530783530267365743D73657431),
	(46, 'Sòng', 'Cazzie', 'Solon', '2019-08-31 00:00:00', _binary 0x68747470733A2F2F726F626F686173682E6F72672F6574706572737069636961746973726572756D2E6A70673F73697A653D3530783530267365743D73657431),
	(47, 'Océanne', 'Maegan', 'Aiston', '2019-12-15 00:00:00', _binary 0x68747470733A2F2F726F626F686173682E6F72672F6574636F6E73657175756E74757265742E6A70673F73697A653D3530783530267365743D73657431),
	(48, 'Laurélie', 'Adara', 'Skinn', '2019-12-02 00:00:00', _binary 0x68747470733A2F2F726F626F686173682E6F72672F6F66666963696973657374697374652E706E673F73697A653D3530783530267365743D73657431),
	(49, 'Esbjörn', 'Leslie', 'Drain', '2019-06-17 00:00:00', _binary 0x68747470733A2F2F726F626F686173682E6F72672F696C6C756D6574717569612E626D703F73697A653D3530783530267365743D73657431),
	(50, 'Illustrée', 'Gipsy', 'Kenningham', '2019-07-29 00:00:00', _binary 0x68747470733A2F2F726F626F686173682E6F72672F6576656E6965746573736564656C656E6974692E706E673F73697A653D3530783530267365743D73657431),
	(51, 'Mårten', 'Bengt', 'Karolczyk', '2020-05-11 00:00:00', _binary 0x68747470733A2F2F726F626F686173682E6F72672F7265637573616E64616571756976697461652E626D703F73697A653D3530783530267365743D73657431),
	(52, 'Mélia', 'Tedra', 'Linn', '2019-08-26 00:00:00', _binary 0x68747470733A2F2F726F626F686173682E6F72672F757465756D63756D2E626D703F73697A653D3530783530267365743D73657431),
	(53, 'Bérangère', 'Dede', 'Booij', '2020-04-10 00:00:00', _binary 0x68747470733A2F2F726F626F686173682E6F72672F73616570657265637573616E646165646F6C6F7265732E6A70673F73697A653D3530783530267365743D73657431),
	(54, 'Réservés', 'Orelia', 'Escalante', '2019-06-08 00:00:00', _binary 0x68747470733A2F2F726F626F686173682E6F72672F73616570656974617175656E6F737472756D2E706E673F73697A653D3530783530267365743D73657431),
	(55, 'Mårten', 'Adler', 'Marczyk', '2019-11-28 00:00:00', _binary 0x68747470733A2F2F726F626F686173682E6F72672F726570656C6C6174726570756469616E64616565787065646974612E6A70673F73697A653D3530783530267365743D73657431),
	(56, 'Adèle', 'Melody', 'Gurnee', '2019-10-19 00:00:00', _binary 0x68747470733A2F2F726F626F686173682E6F72672F6F6D6E697373696D696C6971756565742E6A70673F73697A653D3530783530267365743D73657431),
	(57, 'Méng', 'Fields', 'Bolton', '2020-02-08 00:00:00', _binary 0x68747470733A2F2F726F626F686173682E6F72672F706572737069636961746973726572756D73657175692E626D703F73697A653D3530783530267365743D73657431),
	(58, 'Lauréna', 'Sharline', 'Dunlea', '2019-06-25 00:00:00', _binary 0x68747470733A2F2F726F626F686173682E6F72672F6578706C696361626F6D6178696D6573657175692E706E673F73697A653D3530783530267365743D73657431),
	(59, 'Irène', 'Winne', 'Bare', '2020-03-09 00:00:00', _binary 0x68747470733A2F2F726F626F686173682E6F72672F6D696E696D617175697175692E706E673F73697A653D3530783530267365743D73657431),
	(60, 'Renée', 'Lavina', 'Gawthorp', '2020-04-16 00:00:00', _binary 0x68747470733A2F2F726F626F686173682E6F72672F717569616675676961746D6F6C6573746961652E626D703F73697A653D3530783530267365743D73657431),
	(61, 'Joséphine', 'Jammal', 'Arens', '2019-10-25 00:00:00', _binary 0x68747470733A2F2F726F626F686173682E6F72672F63756D717565726570656C6C656E647573746F74616D2E626D703F73697A653D3530783530267365743D73657431),
	(62, 'Maïwenn', 'Donnell', 'Nestoruk', '2020-01-12 00:00:00', _binary 0x68747470733A2F2F726F626F686173682E6F72672F657465756D646F6C6F722E6A70673F73697A653D3530783530267365743D73657431),
	(63, 'Maïwenn', 'Robbyn', 'Pealing', '2019-07-21 00:00:00', _binary 0x68747470733A2F2F726F626F686173682E6F72672F646F6C6F72616E6F6E2E626D703F73697A653D3530783530267365743D73657431),
	(64, 'Mélia', 'Reinhold', 'Scranney', '2019-10-24 00:00:00', _binary 0x68747470733A2F2F726F626F686173682E6F72672F766F6C7570746174656D617574696D70656469742E6A70673F73697A653D3530783530267365743D73657431),
	(65, 'Léone', 'Cobb', 'Henmarsh', '2019-10-03 00:00:00', _binary 0x68747470733A2F2F726F626F686173682E6F72672F6173706572696F726573646F6C6F72657365742E626D703F73697A653D3530783530267365743D73657431),
	(66, 'Solène', 'Baxy', 'Etheredge', '2019-09-22 00:00:00', _binary 0x68747470733A2F2F726F626F686173682E6F72672F6F66666963696973646F6C6F72656D6E6F6E2E626D703F73697A653D3530783530267365743D73657431),
	(67, 'Amélie', 'Ansley', 'Britian', '2020-05-04 00:00:00', _binary 0x68747470733A2F2F726F626F686173682E6F72672F71756F666163696C6973766F6C75707461732E6A70673F73697A653D3530783530267365743D73657431),
	(68, 'Intéressant', 'Ernesto', 'Napoleone', '2020-05-29 00:00:00', _binary 0x68747470733A2F2F726F626F686173682E6F72672F6E756C6C61766F6C7570746174656D6D61696F7265732E706E673F73697A653D3530783530267365743D73657431),
	(69, 'Pål', 'Tobit', 'Janku', '2019-06-05 00:00:00', _binary 0x68747470733A2F2F726F626F686173682E6F72672F766F6C7570746174656D76656C697471756F2E706E673F73697A653D3530783530267365743D73657431),
	(70, 'Geneviève', 'Waldon', 'Markushkin', '2019-07-30 00:00:00', _binary 0x68747470733A2F2F726F626F686173682E6F72672F696E76656E746F72656D6F6C657374696165697073616D2E706E673F73697A653D3530783530267365743D73657431),
	(71, 'Estée', 'Vivie', 'Kytter', '2019-10-24 00:00:00', _binary 0x68747470733A2F2F726F626F686173682E6F72672F7175617369697573746F646F6C6F7265732E706E673F73697A653D3530783530267365743D73657431),
	(72, 'Esbjörn', 'Marmaduke', 'Frick', '2020-04-04 00:00:00', _binary 0x68747470733A2F2F726F626F686173682E6F72672F61737065726E617475726F6D6E6973766F6C75707461732E6A70673F73697A653D3530783530267365743D73657431),
	(73, 'Nadège', 'Tracey', 'Downey', '2019-06-16 00:00:00', _binary 0x68747470733A2F2F726F626F686173682E6F72672F646F6C6F72656D697073616170657269616D2E626D703F73697A653D3530783530267365743D73657431),
	(74, 'Cloé', 'Frances', 'Meecher', '2019-09-06 00:00:00', _binary 0x68747470733A2F2F726F626F686173682E6F72672F617175617365782E706E673F73697A653D3530783530267365743D73657431),
	(75, 'Åslög', 'Charmane', 'Cornhill', '2020-05-24 00:00:00', _binary 0x68747470733A2F2F726F626F686173682E6F72672F73616570657574697073616D2E626D703F73697A653D3530783530267365743D73657431),
	(76, 'Angélique', 'Shep', 'Howard - Gater', '2019-12-06 00:00:00', _binary 0x68747470733A2F2F726F626F686173682E6F72672F726572756D697073616D6E6968696C2E626D703F73697A653D3530783530267365743D73657431),
	(77, 'Cloé', 'Mead', 'Glasner', '2019-07-25 00:00:00', _binary 0x68747470733A2F2F726F626F686173682E6F72672F736F6C75746171756962757364616D6F6666696369612E626D703F73697A653D3530783530267365743D73657431),
	(78, 'Michèle', 'Maury', 'Hacking', '2019-09-29 00:00:00', _binary 0x68747470733A2F2F726F626F686173682E6F72672F7265637573616E646165656172756D717569612E706E673F73697A653D3530783530267365743D73657431),
	(79, 'Lyséa', 'Modestine', 'Martello', '2020-02-24 00:00:00', _binary 0x68747470733A2F2F726F626F686173682E6F72672F6175746F6666696369697364656C65637475732E706E673F73697A653D3530783530267365743D73657431),
	(80, 'Hélèna', 'Lane', 'Faldoe', '2019-06-21 00:00:00', _binary 0x68747470733A2F2F726F626F686173682E6F72672F6170657269616D73697465742E706E673F73697A653D3530783530267365743D73657431),
	(81, 'Börje', 'Dalenna', 'Darko', '2019-07-12 00:00:00', _binary 0x68747470733A2F2F726F626F686173682E6F72672F71756964656D6974617175657175692E6A70673F73697A653D3530783530267365743D73657431),
	(82, 'Angèle', 'Leoine', 'Dornan', '2019-07-11 00:00:00', _binary 0x68747470733A2F2F726F626F686173682E6F72672F71756962757364616D646F6C6F72656D65612E626D703F73697A653D3530783530267365743D73657431),
	(83, 'Pò', 'Thatcher', 'Mustarde', '2019-11-10 00:00:00', _binary 0x68747470733A2F2F726F626F686173682E6F72672F63757069646974617465766F6C7570746174656D766F6C7570746174656D2E706E673F73697A653D3530783530267365743D73657431),
	(84, 'Joséphine', 'Madison', 'Vockings', '2019-10-09 00:00:00', _binary 0x68747470733A2F2F726F626F686173682E6F72672F76656E69616D72656D616E696D692E626D703F73697A653D3530783530267365743D73657431),
	(85, 'Marie-thérèse', 'Filmer', 'Hacquel', '2019-10-21 00:00:00', _binary 0x68747470733A2F2F726F626F686173682E6F72672F65697573757465787065646974612E706E673F73697A653D3530783530267365743D73657431),
	(86, 'Åsa', 'Marsha', 'Sacchetti', '2020-02-29 00:00:00', _binary 0x68747470733A2F2F726F626F686173682E6F72672F7175696161757475742E706E673F73697A653D3530783530267365743D73657431),
	(87, 'André', 'Ramsay', 'Vanes', '2019-11-29 00:00:00', _binary 0x68747470733A2F2F726F626F686173682E6F72672F666163657265636F6E73657175756E7475726F666669636969732E626D703F73697A653D3530783530267365743D73657431),
	(88, 'Östen', 'Devi', 'Dines', '2019-12-28 00:00:00', _binary 0x68747470733A2F2F726F626F686173682E6F72672F6D6178696D6571756973766F6C7570746174656D2E626D703F73697A653D3530783530267365743D73657431),
	(89, 'Bérénice', 'Coreen', 'Issitt', '2019-09-22 00:00:00', _binary 0x68747470733A2F2F726F626F686173682E6F72672F6578706C696361626F71756973646F6C6F722E706E673F73697A653D3530783530267365743D73657431),
	(90, 'Léonore', 'Susanna', 'Mathelin', '2019-07-26 00:00:00', _binary 0x68747470733A2F2F726F626F686173682E6F72672F65616D6F6C6573746961736573742E626D703F73697A653D3530783530267365743D73657431),
	(91, 'Gösta', 'Mar', 'Oret', '2019-10-10 00:00:00', _binary 0x68747470733A2F2F726F626F686173682E6F72672F636F6E736571756174757270726F766964656E7461622E626D703F73697A653D3530783530267365743D73657431),
	(92, 'Lèi', 'Justin', 'Tulleth', '2020-02-04 00:00:00', _binary 0x68747470733A2F2F726F626F686173682E6F72672F726570656C6C656E6475736E6F6E73657175692E626D703F73697A653D3530783530267365743D73657431),
	(93, 'Estée', 'Gerald', 'Mewhirter', '2020-02-19 00:00:00', _binary 0x68747470733A2F2F726F626F686173682E6F72672F737573636970697465697573612E6A70673F73697A653D3530783530267365743D73657431),
	(94, 'Chloé', 'Ulises', 'Chataignier', '2019-11-05 00:00:00', _binary 0x68747470733A2F2F726F626F686173682E6F72672F657865746E6968696C2E6A70673F73697A653D3530783530267365743D73657431),
	(95, 'Maëlle', 'Lou', 'Leicester', '2020-01-21 00:00:00', _binary 0x68747470733A2F2F726F626F686173682E6F72672F697073617574736F6C7574612E626D703F73697A653D3530783530267365743D73657431),
	(96, 'Renée', 'Kellyann', 'Comazzo', '2020-05-06 00:00:00', _binary 0x68747470733A2F2F726F626F686173682E6F72672F7175696F6469746573742E706E673F73697A653D3530783530267365743D73657431),
	(97, 'Gérald', 'Gerry', 'Sainthill', '2019-07-23 00:00:00', _binary 0x68747470733A2F2F726F626F686173682E6F72672F646F6C6F7262656174616565742E6A70673F73697A653D3530783530267365743D73657431),
	(98, 'Léa', 'Cathyleen', 'Anthill', '2020-03-09 00:00:00', _binary 0x68747470733A2F2F726F626F686173682E6F72672F656F736C61626F726565742E706E673F73697A653D3530783530267365743D73657431),
	(99, 'Tú', 'Heddi', 'Cuell', '2019-08-20 00:00:00', _binary 0x68747470733A2F2F726F626F686173682E6F72672F736F6C7574616D696E7573766F6C7570746174656D2E706E673F73697A653D3530783530267365743D73657431),
	(100, 'Anaël', 'Renae', 'Hains', '2020-03-05 00:00:00', _binary 0x68747470733A2F2F726F626F686173682E6F72672F6E6968696C617574636F6D6D6F64692E6A70673F73697A653D3530783530267365743D73657431);
/*!40000 ALTER TABLE `usuario` ENABLE KEYS */;

-- Volcando estructura para vista Spotify.reporte_creada_por_el_estudiante
-- Eliminando tabla temporal y crear estructura final de VIEW
DROP TABLE IF EXISTS `reporte_creada_por_el_estudiante`;
CREATE ALGORITHM=UNDEFINED SQL SECURITY DEFINER VIEW `reporte_creada_por_el_estudiante` AS select `cancion`.`titulo` AS `Titulo`,`artista`.`nombre` AS `Artista`,`album`.`nombre` AS `Album`,`cancion`.`duracion` AS `Duracion`,`cancion`.`anio_de_creacion` AS `Año_de_creacion` from ((`cancion` join `album`) join `artista`) where `album`.`id_album` = `cancion`.`id_album` and `artista`.`id_artista` = `album`.`id_artista` and (`artista`.`nombre` like 'A%' or `artista`.`nombre` like 'P%') and `cancion`.`favorita` = 1 and `cancion`.`anio_de_creacion` > 2001;

-- Volcando estructura para vista Spotify.reporte_de_canciones_mas_escuchados
-- Eliminando tabla temporal y crear estructura final de VIEW
DROP TABLE IF EXISTS `reporte_de_canciones_mas_escuchados`;
CREATE ALGORITHM=UNDEFINED SQL SECURITY DEFINER VIEW `reporte_de_canciones_mas_escuchados` AS select `cancion`.`titulo` AS `Titulo`,`album`.`nombre` AS `Album`,`artista`.`nombre` AS `Artista`,count(`cancion_escuchada`.`id_cancion`) AS `Cantidad_de_veces_escuchando`,count(distinct `usuario`.`id_usuario`) AS `Cantidad_de_usuarios` from ((((`cancion` join `album`) join `artista`) join `usuario`) join `cancion_escuchada`) where `cancion`.`id_album` = `album`.`id_album` and `artista`.`id_artista` = `album`.`id_artista` and `usuario`.`id_usuario` = `cancion_escuchada`.`id_usuario` and `cancion`.`id_cancion` = `cancion_escuchada`.`id_cancion` group by `cancion`.`titulo` order by count(`cancion_escuchada`.`id_cancion`) desc limit 5;

-- Volcando estructura para vista Spotify.reporte_de_ingresos_de_usuarios
-- Eliminando tabla temporal y crear estructura final de VIEW
DROP TABLE IF EXISTS `reporte_de_ingresos_de_usuarios`;
CREATE ALGORITHM=UNDEFINED SQL SECURITY DEFINER VIEW `reporte_de_ingresos_de_usuarios` AS select `usuario`.`nombre` AS `Nombre_de_usuario`,`auditoria`.`hora_entrada` AS `Ultimo_ingreso`,count(`auditoria`.`id_usuario`) AS `Cantidad_de_ingresos_en_total` from (`usuario` join `auditoria`) where `auditoria`.`descripcion` = 'login' and `usuario`.`id_usuario` = `auditoria`.`id_usuario` group by `auditoria`.`id_usuario`;

/*!40101 SET SQL_MODE=IFNULL(@OLD_SQL_MODE, '') */;
/*!40014 SET FOREIGN_KEY_CHECKS=IF(@OLD_FOREIGN_KEY_CHECKS IS NULL, 1, @OLD_FOREIGN_KEY_CHECKS) */;
/*!40101 SET CHARACTER_SET_CLIENT=@OLD_CHARACTER_SET_CLIENT */;
